timestamp,heart_rate,confidence
2025-07-19 16:24:43,67,0.951
2025-07-19 16:24:44,69,0.873
2025-07-19 16:24:45,69,0.943
2025-07-19 16:24:46,66,0.951
2025-07-19 16:24:47,66,0.972
2025-07-19 16:24:48,63,0.954
2025-07-19 16:24:49,74,0.943
2025-07-19 16:24:50,76,1.000
2025-07-19 16:24:51,64,0.993
2025-07-19 16:24:52,67,0.875
2025-07-19 16:24:53,69,0.875
2025-07-19 16:24:54,66,0.911
2025-07-19 16:24:55,74,0.930
2025-07-19 16:24:56,67,0.959
2025-07-19 16:24:57,69,0.929
2025-07-19 16:24:58,75,0.852
2025-07-19 16:24:59,75,0.916
2025-07-19 16:25:00,67,0.983
2025-07-19 16:25:01,70,0.852
2025-07-19 16:25:02,67,0.921
2025-07-19 16:25:03,73,0.950
2025-07-19 16:25:04,70,0.946
2025-07-19 16:25:05,64,0.957
2025-07-19 16:25:06,72,0.869
2025-07-19 16:25:07,67,0.973
2025-07-19 16:25:08,73,0.975
2025-07-19 16:25:09,61,0.915
2025-07-19 16:25:10,65,0.931
2025-07-19 16:25:11,72,0.880
2025-07-19 16:25:12,67,0.967
2025-07-19 16:25:13,72,0.900
2025-07-19 16:25:14,71,0.894
2025-07-19 16:25:15,67,0.932
2025-07-19 16:25:16,65,0.980
2025-07-19 16:25:17,68,0.986
2025-07-19 16:25:18,65,0.999
2025-07-19 16:25:19,69,0.980
2025-07-19 16:25:20,62,0.890
2025-07-19 16:25:21,64,0.870
2025-07-19 16:25:22,66,0.917
2025-07-19 16:25:23,72,0.889
2025-07-19 16:25:24,73,0.954
2025-07-19 16:25:25,68,0.984
2025-07-19 16:25:26,65,0.972
2025-07-19 16:25:27,71,0.895
2025-07-19 16:25:28,66,0.914
2025-07-19 16:25:29,62,0.924
2025-07-19 16:25:30,63,0.956
2025-07-19 16:25:31,73,0.984
2025-07-19 16:25:32,58,0.974
2025-07-19 16:25:33,70,0.878
2025-07-19 16:25:34,62,0.895
2025-07-19 16:25:35,69,0.859
2025-07-19 16:25:36,71,0.983
2025-07-19 16:25:37,71,0.866
2025-07-19 16:25:38,66,0.858
2025-07-19 16:25:39,67,0.875
2025-07-19 16:25:40,73,0.897
2025-07-19 16:25:41,65,0.932
2025-07-19 16:25:42,67,0.972
2025-07-19 16:25:43,68,0.941
2025-07-19 16:25:44,77,0.900
2025-07-19 16:25:45,66,0.893
2025-07-19 16:25:46,67,0.878
2025-07-19 16:25:47,69,0.992
2025-07-19 16:25:48,74,0.949
2025-07-19 16:25:49,67,0.971
2025-07-19 16:25:50,66,0.947
2025-07-19 16:25:51,70,0.903
2025-07-19 16:25:52,71,0.871
2025-07-19 16:25:53,65,0.875
2025-07-19 16:25:54,72,0.894
2025-07-19 16:25:55,68,0.936
2025-07-19 16:25:56,77,0.897
2025-07-19 16:25:57,67,0.930
2025-07-19 16:25:58,71,0.960
2025-07-19 16:25:59,71,0.969
2025-07-19 16:26:00,79,0.881
2025-07-19 16:26:01,67,0.978
2025-07-19 16:26:02,66,0.994
2025-07-19 16:26:03,71,0.885
2025-07-19 16:26:04,63,0.921
2025-07-19 16:26:05,66,0.908
2025-07-19 16:26:06,70,0.983
2025-07-19 16:26:07,66,0.931
2025-07-19 16:26:08,67,0.977
2025-07-19 16:26:09,75,0.867
2025-07-19 16:26:10,69,0.898
2025-07-19 16:26:11,68,0.979
2025-07-19 16:26:12,68,0.975
2025-07-19 16:26:13,65,0.951
2025-07-19 16:26:14,71,0.967
2025-07-19 16:26:15,72,0.971
2025-07-19 16:26:16,72,0.883
2025-07-19 16:26:17,72,0.927
2025-07-19 16:26:18,70,0.942
2025-07-19 16:26:19,72,0.907
2025-07-19 16:26:20,64,0.980
2025-07-19 16:26:21,67,0.898
2025-07-19 16:26:22,63,0.917
2025-07-19 16:26:23,67,0.986
2025-07-19 16:26:24,62,0.860
2025-07-19 16:26:25,69,0.884
2025-07-19 16:26:26,64,0.962
2025-07-19 16:26:27,71,0.967
2025-07-19 16:26:28,67,0.889
2025-07-19 16:26:29,74,0.944
2025-07-19 16:26:30,74,0.969
2025-07-19 16:26:31,67,0.952
2025-07-19 16:26:32,66,0.918
2025-07-19 16:26:33,66,0.990
2025-07-19 16:26:34,69,0.922
2025-07-19 16:26:35,70,0.990
2025-07-19 16:26:36,69,0.932
2025-07-19 16:26:37,70,0.971
2025-07-19 16:26:38,65,0.981
2025-07-19 16:26:39,77,0.971
2025-07-19 16:26:40,74,0.936
2025-07-19 16:26:41,68,0.940
2025-07-19 16:26:42,73,0.904
2025-07-19 16:26:43,72,0.990
2025-07-19 16:26:44,72,0.892
2025-07-19 16:26:45,63,0.988
2025-07-19 16:26:46,62,0.979
2025-07-19 16:26:47,63,0.886
2025-07-19 16:26:48,70,0.954
2025-07-19 16:26:49,70,0.936
2025-07-19 16:26:50,66,0.875
2025-07-19 16:26:51,64,0.997
2025-07-19 16:26:52,65,0.907
2025-07-19 16:26:53,70,0.880
2025-07-19 16:26:54,69,0.890
2025-07-19 16:26:55,76,0.851
2025-07-19 16:26:56,67,0.974
2025-07-19 16:26:57,67,0.880
2025-07-19 16:26:58,66,0.871
2025-07-19 16:26:59,70,0.877
2025-07-19 16:27:00,72,0.977
2025-07-19 16:27:01,71,0.920
2025-07-19 16:27:02,67,0.856
2025-07-19 16:27:03,73,0.896
2025-07-19 16:27:04,69,0.948
2025-07-19 16:27:05,71,0.986
2025-07-19 16:27:06,67,0.934
2025-07-19 16:27:07,72,0.853
2025-07-19 16:27:08,66,0.861
2025-07-19 16:27:09,69,0.949
2025-07-19 16:27:10,69,0.934
2025-07-19 16:27:11,66,0.919
2025-07-19 16:27:12,60,0.950
2025-07-19 16:27:13,69,0.950
2025-07-19 16:27:14,67,0.933
2025-07-19 16:27:15,73,0.970
2025-07-19 16:27:16,62,0.933
2025-07-19 16:27:17,70,0.893
2025-07-19 16:27:18,70,0.887
2025-07-19 16:27:19,65,0.968
2025-07-19 16:27:20,72,0.949
2025-07-19 16:27:21,68,0.981
2025-07-19 16:27:22,67,0.892
2025-07-19 16:27:23,68,0.921
2025-07-19 16:27:24,71,0.914
2025-07-19 16:27:25,67,0.982
2025-07-19 16:27:26,69,0.853
2025-07-19 16:27:27,68,0.904
2025-07-19 16:27:28,68,0.894
2025-07-19 16:27:29,72,0.922
2025-07-19 16:27:30,71,0.999
2025-07-19 16:27:31,75,0.912
2025-07-19 16:27:32,64,0.924
2025-07-19 16:27:33,66,0.933
2025-07-19 16:27:34,69,0.954
2025-07-19 16:27:35,65,0.904
2025-07-19 16:27:36,66,0.997
2025-07-19 16:27:37,73,0.854
2025-07-19 16:27:38,70,0.933
2025-07-19 16:27:39,65,0.962
2025-07-19 16:27:40,71,0.875
2025-07-19 16:27:41,65,0.923
2025-07-19 16:27:42,66,0.876
2025-07-19 16:27:43,64,0.871
2025-07-19 16:27:44,72,0.905
2025-07-19 16:27:45,67,0.986
2025-07-19 16:27:46,67,0.956
2025-07-19 16:27:47,69,0.891
2025-07-19 16:27:48,66,0.998
2025-07-19 16:27:49,65,0.852
2025-07-19 16:27:50,64,0.860
2025-07-19 16:27:51,69,0.915
2025-07-19 16:27:52,68,0.861
2025-07-19 16:27:53,65,0.871
2025-07-19 16:27:54,64,0.870
2025-07-19 16:27:55,75,0.926
2025-07-19 16:27:56,66,0.956
2025-07-19 16:27:57,64,0.998
2025-07-19 16:27:58,67,0.883
2025-07-19 16:27:59,68,0.913
2025-07-19 16:28:00,72,0.879
2025-07-19 16:28:01,71,0.860
2025-07-19 16:28:02,65,0.966
2025-07-19 16:28:03,70,0.987
2025-07-19 16:28:04,71,0.877
2025-07-19 16:28:05,66,0.992
2025-07-19 16:28:06,68,0.998
2025-07-19 16:28:07,68,0.853
2025-07-19 16:28:08,73,0.933
2025-07-19 16:28:09,66,0.900
2025-07-19 16:28:10,68,0.899
2025-07-19 16:28:11,68,0.885
2025-07-19 16:28:12,71,0.916
2025-07-19 16:28:13,65,0.865
2025-07-19 16:28:14,65,0.993
2025-07-19 16:28:15,74,0.985
2025-07-19 16:28:16,70,0.879
2025-07-19 16:28:17,67,0.876
2025-07-19 16:28:18,67,0.859
2025-07-19 16:28:19,66,0.955
2025-07-19 16:28:20,66,0.966
2025-07-19 16:28:21,68,0.909
2025-07-19 16:28:22,69,0.959
2025-07-19 16:28:23,71,0.871
2025-07-19 16:28:24,70,0.909
2025-07-19 16:28:25,69,0.949
2025-07-19 16:28:26,67,0.993
2025-07-19 16:28:27,67,0.895
2025-07-19 16:28:28,71,0.984
2025-07-19 16:28:29,66,0.885
2025-07-19 16:28:30,68,0.913
2025-07-19 16:28:31,69,0.984
2025-07-19 16:28:32,74,0.856
2025-07-19 16:28:33,63,0.878
2025-07-19 16:28:34,66,0.864
2025-07-19 16:28:35,70,0.884
2025-07-19 16:28:36,71,0.944
2025-07-19 16:28:37,73,0.936
2025-07-19 16:28:38,73,0.949
2025-07-19 16:28:39,64,0.947
2025-07-19 16:28:40,76,0.996
2025-07-19 16:28:41,66,0.963
2025-07-19 16:28:42,68,0.858
2025-07-19 16:28:43,65,0.932
2025-07-19 16:28:44,71,0.863
2025-07-19 16:28:45,73,0.997
2025-07-19 16:28:46,74,0.961
2025-07-19 16:28:47,67,0.945
2025-07-19 16:28:48,70,0.874
2025-07-19 16:28:49,70,0.942
2025-07-19 16:28:50,69,0.924
2025-07-19 16:28:51,62,0.902
2025-07-19 16:28:52,73,0.860
2025-07-19 16:28:53,70,0.909
2025-07-19 16:28:54,73,0.934
2025-07-19 16:28:55,76,0.929
2025-07-19 16:28:56,72,0.919
2025-07-19 16:28:57,72,0.981
2025-07-19 16:28:58,62,0.916
2025-07-19 16:28:59,66,0.918
2025-07-19 16:29:00,69,0.921
2025-07-19 16:29:01,74,0.876
2025-07-19 16:29:02,64,0.867
2025-07-19 16:29:03,64,0.988
2025-07-19 16:29:04,64,0.885
2025-07-19 16:29:05,71,0.869
2025-07-19 16:29:06,68,0.990
2025-07-19 16:29:07,69,0.933
2025-07-19 16:29:08,75,0.865
2025-07-19 16:29:09,66,0.951
2025-07-19 16:29:10,64,0.893
2025-07-19 16:29:11,67,0.998
2025-07-19 16:29:12,71,0.879
2025-07-19 16:29:13,65,0.859
2025-07-19 16:29:14,65,0.870
2025-07-19 16:29:15,69,0.897
2025-07-19 16:29:16,69,0.966
2025-07-19 16:29:17,68,0.897
2025-07-19 16:29:18,65,0.927
2025-07-19 16:29:19,70,0.860
2025-07-19 16:29:20,70,0.881
2025-07-19 16:29:21,73,0.958
2025-07-19 16:29:22,77,0.879
2025-07-19 16:29:23,60,0.876
2025-07-19 16:29:24,67,0.872
2025-07-19 16:29:25,67,0.858
2025-07-19 16:29:26,64,0.915
2025-07-19 16:29:27,65,0.896
2025-07-19 16:29:28,70,0.907
2025-07-19 16:29:29,70,0.990
2025-07-19 16:29:30,70,0.914
2025-07-19 16:29:31,75,0.935
2025-07-19 16:29:32,64,0.941
2025-07-19 16:29:33,72,0.947
2025-07-19 16:29:34,68,0.883
2025-07-19 16:29:35,70,0.907
2025-07-19 16:29:36,64,0.886
2025-07-19 16:29:37,70,0.998
2025-07-19 16:29:38,65,0.958
2025-07-19 16:29:39,66,0.941
2025-07-19 16:29:40,65,0.917
2025-07-19 16:29:41,73,0.949
2025-07-19 16:29:42,75,0.959
2025-07-19 16:29:43,66,0.921
2025-07-19 16:29:44,73,0.982
2025-07-19 16:29:45,64,0.981
2025-07-19 16:29:46,72,0.978
2025-07-19 16:29:47,74,0.902
2025-07-19 16:29:48,62,0.987
2025-07-19 16:29:49,67,0.992
2025-07-19 16:29:50,72,0.851
2025-07-19 16:29:51,67,0.943
2025-07-19 16:29:52,70,0.991
2025-07-19 16:29:53,67,0.924
2025-07-19 16:29:54,67,0.877
2025-07-19 16:29:55,70,0.872
2025-07-19 16:29:56,73,0.934
2025-07-19 16:29:57,69,0.903
2025-07-19 16:29:58,69,0.960
2025-07-19 16:29:59,68,0.859
2025-07-19 16:30:00,65,0.934
2025-07-19 16:30:01,65,0.991
2025-07-19 16:30:02,68,0.940
2025-07-19 16:30:03,71,0.988
2025-07-19 16:30:04,67,0.920
2025-07-19 16:30:05,71,0.884
2025-07-19 16:30:06,65,0.873
2025-07-19 16:30:07,66,0.917
2025-07-19 16:30:08,73,0.943
2025-07-19 16:30:09,71,0.868
2025-07-19 16:30:10,67,0.980
2025-07-19 16:30:11,67,0.951
2025-07-19 16:30:12,64,0.973
2025-07-19 16:30:13,70,0.947
2025-07-19 16:30:14,67,0.956
2025-07-19 16:30:15,67,0.945
2025-07-19 16:30:16,68,0.891
2025-07-19 16:30:17,65,0.898
2025-07-19 16:30:18,66,0.951
2025-07-19 16:30:19,67,0.887
2025-07-19 16:30:20,72,0.923
2025-07-19 16:30:21,66,0.885
2025-07-19 16:30:22,68,0.880
2025-07-19 16:30:23,70,0.941
2025-07-19 16:30:24,68,0.952
2025-07-19 16:30:25,69,0.961
2025-07-19 16:30:26,70,0.874
2025-07-19 16:30:27,72,0.918
2025-07-19 16:30:28,53,0.970
2025-07-19 16:30:29,73,0.865
2025-07-19 16:30:30,72,0.934
2025-07-19 16:30:31,76,0.878
2025-07-19 16:30:32,66,0.931
2025-07-19 16:30:33,75,0.966
2025-07-19 16:30:34,72,0.961
2025-07-19 16:30:35,72,0.971
2025-07-19 16:30:36,73,0.934
2025-07-19 16:30:37,67,0.913
2025-07-19 16:30:38,67,0.909
2025-07-19 16:30:39,73,0.889
2025-07-19 16:30:40,74,0.923
2025-07-19 16:30:41,77,0.852
2025-07-19 16:30:42,72,0.897
2025-07-19 16:30:43,67,0.993
2025-07-19 16:30:44,66,0.881
2025-07-19 16:30:45,67,0.862
2025-07-19 16:30:46,70,0.917
2025-07-19 16:30:47,67,0.925
2025-07-19 16:30:48,70,0.874
2025-07-19 16:30:49,70,0.977
2025-07-19 16:30:50,67,0.909
2025-07-19 16:30:51,71,0.977
2025-07-19 16:30:52,65,0.878
2025-07-19 16:30:53,69,0.898
2025-07-19 16:30:54,76,0.972
2025-07-19 16:30:55,65,0.959
2025-07-19 16:30:56,69,0.979
2025-07-19 16:30:57,69,0.872
2025-07-19 16:30:58,69,0.999
2025-07-19 16:30:59,72,0.934
2025-07-19 16:31:00,69,0.928
2025-07-19 16:31:01,68,0.942
2025-07-19 16:31:02,73,0.991
2025-07-19 16:31:03,70,0.854
2025-07-19 16:31:04,65,0.886
2025-07-19 16:31:05,66,0.997
2025-07-19 16:31:06,69,0.956
2025-07-19 16:31:07,70,0.915
2025-07-19 16:31:08,67,0.938
2025-07-19 16:31:09,66,0.850
2025-07-19 16:31:10,65,0.928
2025-07-19 16:31:11,66,0.910
2025-07-19 16:31:12,72,0.942
2025-07-19 16:31:13,74,0.934
2025-07-19 16:31:14,68,0.952
2025-07-19 16:31:15,72,0.993
2025-07-19 16:31:16,70,0.901
2025-07-19 16:31:17,72,0.986
2025-07-19 16:31:18,65,0.941
2025-07-19 16:31:19,68,0.884
2025-07-19 16:31:20,73,0.922
2025-07-19 16:31:21,69,0.912
2025-07-19 16:31:22,69,0.948
2025-07-19 16:31:23,74,0.957
2025-07-19 16:31:24,64,0.969
2025-07-19 16:31:25,69,0.865
2025-07-19 16:31:26,70,0.967
2025-07-19 16:31:27,67,0.991
2025-07-19 16:31:28,74,0.998
2025-07-19 16:31:29,70,0.965
2025-07-19 16:31:30,70,0.992
2025-07-19 16:31:31,65,0.931
2025-07-19 16:31:32,67,0.959
2025-07-19 16:31:33,73,0.891
2025-07-19 16:31:34,69,0.970
2025-07-19 16:31:35,62,0.878
2025-07-19 16:31:36,63,0.894
2025-07-19 16:31:37,65,0.930
2025-07-19 16:31:38,63,0.889
2025-07-19 16:31:39,70,0.888
2025-07-19 16:31:40,64,0.871
2025-07-19 16:31:41,74,0.984
2025-07-19 16:31:42,70,0.945
2025-07-19 16:31:43,70,0.864
2025-07-19 16:31:44,70,0.985
2025-07-19 16:31:45,68,0.911
2025-07-19 16:31:46,67,0.924
2025-07-19 16:31:47,74,0.892
2025-07-19 16:31:48,67,0.877
2025-07-19 16:31:49,66,0.921
2025-07-19 16:31:50,74,0.904
2025-07-19 16:31:51,68,0.861
2025-07-19 16:31:52,68,0.987
2025-07-19 16:31:53,66,0.868
2025-07-19 16:31:54,71,0.879
2025-07-19 16:31:55,71,0.951
2025-07-19 16:31:56,73,0.942
2025-07-19 16:31:57,69,0.939
2025-07-19 16:31:58,67,0.937
2025-07-19 16:31:59,62,0.906
2025-07-19 16:32:00,68,0.881
2025-07-19 16:32:01,65,0.897
2025-07-19 16:32:02,67,0.979
2025-07-19 16:32:03,68,0.908
2025-07-19 16:32:04,69,0.858
2025-07-19 16:32:05,73,0.939
2025-07-19 16:32:06,72,0.917
2025-07-19 16:32:07,64,0.966
2025-07-19 16:32:08,67,0.968
2025-07-19 16:32:09,71,0.886
2025-07-19 16:32:10,74,0.911
2025-07-19 16:32:11,67,0.962
2025-07-19 16:32:12,64,0.920
2025-07-19 16:32:13,69,0.995
2025-07-19 16:32:14,69,0.880
2025-07-19 16:32:15,73,0.973
2025-07-19 16:32:16,70,0.921
2025-07-19 16:32:17,71,0.922
2025-07-19 16:32:18,69,0.973
2025-07-19 16:32:19,75,0.918
2025-07-19 16:32:20,73,0.860
2025-07-19 16:32:21,66,0.960
2025-07-19 16:32:22,65,0.936
2025-07-19 16:32:23,64,0.917
2025-07-19 16:32:24,67,0.991
2025-07-19 16:32:25,68,0.874
2025-07-19 16:32:26,74,0.872
2025-07-19 16:32:27,67,0.890
2025-07-19 16:32:28,71,0.873
2025-07-19 16:32:29,65,0.949
2025-07-19 16:32:30,72,0.918
2025-07-19 16:32:31,62,0.899
2025-07-19 16:32:32,68,0.877
2025-07-19 16:32:33,65,0.991
2025-07-19 16:32:34,70,0.978
2025-07-19 16:32:35,70,0.903
2025-07-19 16:32:36,70,0.958
2025-07-19 16:32:37,70,0.907
2025-07-19 16:32:38,67,0.926
2025-07-19 16:32:39,64,0.864
2025-07-19 16:32:40,70,0.985
2025-07-19 16:32:41,63,0.909
2025-07-19 16:32:42,71,0.869
2025-07-19 16:32:43,64,0.896
2025-07-19 16:32:44,67,0.958
2025-07-19 16:32:45,66,0.854
2025-07-19 16:32:46,70,0.882
2025-07-19 16:32:47,63,0.964
2025-07-19 16:32:48,65,0.969
2025-07-19 16:32:49,67,0.883
2025-07-19 16:32:50,64,0.869
2025-07-19 16:32:51,74,0.970
2025-07-19 16:32:52,71,0.911
2025-07-19 16:32:53,66,0.905
2025-07-19 16:32:54,63,0.860
2025-07-19 16:32:55,71,0.853
2025-07-19 16:32:56,69,0.913
2025-07-19 16:32:57,73,0.860
2025-07-19 16:32:58,65,0.859
2025-07-19 16:32:59,72,0.876
2025-07-19 16:33:00,68,0.912
2025-07-19 16:33:01,69,0.974
2025-07-19 16:33:02,70,0.930
2025-07-19 16:33:03,71,0.866
2025-07-19 16:33:04,64,0.867
2025-07-19 16:33:05,67,0.890
2025-07-19 16:33:06,70,0.855
2025-07-19 16:33:07,74,0.937
2025-07-19 16:33:08,70,0.928
2025-07-19 16:33:09,66,0.938
2025-07-19 16:33:10,63,0.949
2025-07-19 16:33:11,65,0.891
2025-07-19 16:33:12,71,0.852
2025-07-19 16:33:13,65,0.864
2025-07-19 16:33:14,69,0.921
2025-07-19 16:33:15,69,0.996
2025-07-19 16:33:16,71,0.921
2025-07-19 16:33:17,66,0.944
2025-07-19 16:33:18,68,0.906
2025-07-19 16:33:19,65,0.981
2025-07-19 16:33:20,68,0.948
2025-07-19 16:33:21,64,0.956
2025-07-19 16:33:22,65,0.932
2025-07-19 16:33:23,67,0.921
2025-07-19 16:33:24,67,0.877
2025-07-19 16:33:25,67,0.878
2025-07-19 16:33:26,72,0.871
2025-07-19 16:33:27,64,0.986
2025-07-19 16:33:28,72,0.892
2025-07-19 16:33:29,70,0.918
2025-07-19 16:33:30,67,0.868
2025-07-19 16:33:31,70,0.993
2025-07-19 16:33:32,67,0.902
2025-07-19 16:33:33,69,0.921
2025-07-19 16:33:34,67,0.960
2025-07-19 16:33:35,68,0.986
2025-07-19 16:33:36,64,0.933
2025-07-19 16:33:37,69,0.986
2025-07-19 16:33:38,74,0.954
2025-07-19 16:33:39,70,0.982
2025-07-19 16:33:40,66,0.902
2025-07-19 16:33:41,67,0.999
2025-07-19 16:33:42,65,0.891
2025-07-19 16:33:43,75,0.900
2025-07-19 16:33:44,70,0.948
2025-07-19 16:33:45,63,0.950
2025-07-19 16:33:46,65,0.991
2025-07-19 16:33:47,71,0.921
2025-07-19 16:33:48,61,0.945
2025-07-19 16:33:49,70,0.981
2025-07-19 16:33:50,70,0.990
2025-07-19 16:33:51,65,0.957
2025-07-19 16:33:52,69,0.930
2025-07-19 16:33:53,65,0.952
2025-07-19 16:33:54,73,0.972
2025-07-19 16:33:55,72,0.897
2025-07-19 16:33:56,66,0.886
2025-07-19 16:33:57,68,0.908
2025-07-19 16:33:58,65,0.854
2025-07-19 16:33:59,68,0.929
2025-07-19 16:34:00,68,0.902
2025-07-19 16:34:01,65,0.911
2025-07-19 16:34:02,68,0.957
2025-07-19 16:34:03,66,0.874
2025-07-19 16:34:04,72,0.880
2025-07-19 16:34:05,72,0.989
2025-07-19 16:34:06,66,0.880
2025-07-19 16:34:07,68,0.870
2025-07-19 16:34:08,77,0.921
2025-07-19 16:34:09,66,0.952
2025-07-19 16:34:10,76,0.926
2025-07-19 16:34:11,62,0.933
2025-07-19 16:34:12,69,0.967
2025-07-19 16:34:13,74,0.978
2025-07-19 16:34:14,65,0.976
2025-07-19 16:34:15,70,0.928
2025-07-19 16:34:16,66,0.874
2025-07-19 16:34:17,69,0.941
2025-07-19 16:34:18,68,0.976
2025-07-19 16:34:19,69,0.861
2025-07-19 16:34:20,69,0.905
2025-07-19 16:34:21,66,0.853
2025-07-19 16:34:22,63,0.986
2025-07-19 16:34:23,78,0.927
2025-07-19 16:34:24,69,0.909
2025-07-19 16:34:25,65,0.910
2025-07-19 16:34:26,73,0.936
2025-07-19 16:34:27,70,0.991
2025-07-19 16:34:28,68,0.907
2025-07-19 16:34:29,73,0.860
2025-07-19 16:34:30,65,0.914
2025-07-19 16:34:31,71,0.865
2025-07-19 16:34:32,70,0.891
2025-07-19 16:34:33,73,0.936
2025-07-19 16:34:34,67,0.874
2025-07-19 16:34:35,70,0.912
2025-07-19 16:34:36,70,0.931
2025-07-19 16:34:37,70,0.911
2025-07-19 16:34:38,64,0.860
2025-07-19 16:34:39,69,0.997
2025-07-19 16:34:40,74,0.860
2025-07-19 16:34:41,69,0.910
2025-07-19 16:34:42,70,0.940
2025-07-19 16:34:43,62,0.916
2025-07-19 16:34:44,72,0.924
2025-07-19 16:34:45,75,0.973
2025-07-19 16:34:46,70,0.852
2025-07-19 16:34:47,76,0.867
2025-07-19 16:34:48,75,0.983
2025-07-19 16:34:49,65,0.943
2025-07-19 16:34:50,66,0.934
2025-07-19 16:34:51,70,0.989
2025-07-19 16:34:52,68,0.883
2025-07-19 16:34:53,64,0.882
2025-07-19 16:34:54,73,0.928
2025-07-19 16:34:55,68,0.884
2025-07-19 16:34:56,68,0.969
2025-07-19 16:34:57,72,0.988
2025-07-19 16:34:58,63,0.991
2025-07-19 16:34:59,63,0.950
2025-07-19 16:35:00,71,0.925
2025-07-19 16:35:01,70,0.944
2025-07-19 16:35:02,69,0.955
2025-07-19 16:35:03,65,0.873
2025-07-19 16:35:04,65,0.850
2025-07-19 16:35:05,66,0.916
2025-07-19 16:35:06,70,0.967
2025-07-19 16:35:07,65,0.969
2025-07-19 16:35:08,71,0.850
2025-07-19 16:35:09,66,0.971
2025-07-19 16:35:10,61,0.955
2025-07-19 16:35:11,71,0.858
2025-07-19 16:35:12,61,0.887
2025-07-19 16:35:13,67,0.944
2025-07-19 16:35:14,68,0.859
2025-07-19 16:35:15,63,0.979
2025-07-19 16:35:16,70,0.858
2025-07-19 16:35:17,68,0.983
2025-07-19 16:35:18,65,0.861
2025-07-19 16:35:19,61,0.920
2025-07-19 16:35:20,70,0.882
2025-07-19 16:35:21,70,0.866
2025-07-19 16:35:22,65,0.971
2025-07-19 16:35:23,64,0.863
2025-07-19 16:35:24,66,0.900
2025-07-19 16:35:25,76,0.859
2025-07-19 16:35:26,71,0.866
2025-07-19 16:35:27,69,0.876
2025-07-19 16:35:28,73,0.895
2025-07-19 16:35:29,70,0.928
2025-07-19 16:35:30,69,0.850
2025-07-19 16:35:31,74,0.996
2025-07-19 16:35:32,71,0.953
2025-07-19 16:35:33,70,0.888
2025-07-19 16:35:34,70,0.874
2025-07-19 16:35:35,66,0.874
2025-07-19 16:35:36,64,0.943
2025-07-19 16:35:37,68,0.866
2025-07-19 16:35:38,73,0.924
2025-07-19 16:35:39,72,0.899
2025-07-19 16:35:40,67,0.944
2025-07-19 16:35:41,64,0.868
2025-07-19 16:35:42,67,0.863
2025-07-19 16:35:43,66,0.997
2025-07-19 16:35:44,72,0.884
2025-07-19 16:35:45,68,0.931
2025-07-19 16:35:46,67,0.878
2025-07-19 16:35:47,63,0.948
2025-07-19 16:35:48,69,0.884
2025-07-19 16:35:49,73,0.985
2025-07-19 16:35:50,67,0.867
2025-07-19 16:35:51,69,0.997
2025-07-19 16:35:52,66,0.995
2025-07-19 16:35:53,66,0.942
2025-07-19 16:35:54,75,0.968
2025-07-19 16:35:55,72,0.934
2025-07-19 16:35:56,67,0.997
2025-07-19 16:35:57,70,0.942
2025-07-19 16:35:58,73,0.967
2025-07-19 16:35:59,65,0.862
2025-07-19 16:36:00,69,0.981
2025-07-19 16:36:01,70,0.977
2025-07-19 16:36:02,66,0.887
2025-07-19 16:36:03,69,0.931
2025-07-19 16:36:04,68,0.968
2025-07-19 16:36:05,71,0.872
2025-07-19 16:36:06,65,0.972
2025-07-19 16:36:07,72,0.859
2025-07-19 16:36:08,66,0.930
2025-07-19 16:36:09,71,0.867
2025-07-19 16:36:10,68,0.965
2025-07-19 16:36:11,72,0.893
2025-07-19 16:36:12,66,0.912
2025-07-19 16:36:13,64,0.898
2025-07-19 16:36:14,61,0.872
2025-07-19 16:36:15,67,0.955
2025-07-19 16:36:16,72,0.960
2025-07-19 16:36:17,63,0.954
2025-07-19 16:36:18,65,0.909
2025-07-19 16:36:19,71,0.897
2025-07-19 16:36:20,69,0.928
2025-07-19 16:36:21,67,0.978
2025-07-19 16:36:22,68,0.908
2025-07-19 16:36:23,69,0.905
2025-07-19 16:36:24,71,0.901
2025-07-19 16:36:25,69,0.949
2025-07-19 16:36:26,64,0.989
2025-07-19 16:36:27,72,0.951
2025-07-19 16:36:28,59,0.957
2025-07-19 16:36:29,68,0.997
2025-07-19 16:36:30,66,0.951
2025-07-19 16:36:31,65,0.850
2025-07-19 16:36:32,70,0.965
2025-07-19 16:36:33,69,0.920
2025-07-19 16:36:34,68,0.954
2025-07-19 16:36:35,71,0.899
2025-07-19 16:36:36,67,0.937
2025-07-19 16:36:37,65,0.991
2025-07-19 16:36:38,68,0.863
2025-07-19 16:36:39,65,0.948
2025-07-19 16:36:40,71,0.986
2025-07-19 16:36:41,67,0.869
2025-07-19 16:36:42,67,0.926
2025-07-19 16:36:43,75,0.864
2025-07-19 16:36:44,66,0.930
2025-07-19 16:36:45,70,0.949
2025-07-19 16:36:46,64,0.965
2025-07-19 16:36:47,67,0.858
2025-07-19 16:36:48,69,0.988
2025-07-19 16:36:49,69,0.978
2025-07-19 16:36:50,64,0.973
2025-07-19 16:36:51,68,0.991
2025-07-19 16:36:52,74,0.919
2025-07-19 16:36:53,74,0.973
2025-07-19 16:36:54,69,0.865
2025-07-19 16:36:55,61,0.995
2025-07-19 16:36:56,65,0.979
2025-07-19 16:36:57,68,0.904
2025-07-19 16:36:58,70,0.957
2025-07-19 16:36:59,69,0.997
2025-07-19 16:37:00,71,0.962
2025-07-19 16:37:01,69,0.955
2025-07-19 16:37:02,64,0.986
2025-07-19 16:37:03,70,0.990
2025-07-19 16:37:04,68,0.938
2025-07-19 16:37:05,66,0.875
2025-07-19 16:37:06,69,0.866
2025-07-19 16:37:07,70,0.980
2025-07-19 16:37:08,66,0.965
2025-07-19 16:37:09,66,0.908
2025-07-19 16:37:10,64,0.925
2025-07-19 16:37:11,72,0.859
2025-07-19 16:37:12,69,0.975
2025-07-19 16:37:13,69,0.998
2025-07-19 16:37:14,71,0.994
2025-07-19 16:37:15,72,0.861
2025-07-19 16:37:16,66,0.887
2025-07-19 16:37:17,75,0.889
2025-07-19 16:37:18,69,0.925
2025-07-19 16:37:19,65,0.887
2025-07-19 16:37:20,65,0.997
2025-07-19 16:37:21,74,0.864
2025-07-19 16:37:22,70,0.898
2025-07-19 16:37:23,72,0.941
2025-07-19 16:37:24,70,0.870
2025-07-19 16:37:25,66,0.960
2025-07-19 16:37:26,70,0.935
2025-07-19 16:37:27,70,0.880
2025-07-19 16:37:28,68,0.857
2025-07-19 16:37:29,69,0.983
2025-07-19 16:37:30,68,0.983
2025-07-19 16:37:31,70,0.939
2025-07-19 16:37:32,72,0.875
2025-07-19 16:37:33,62,0.888
2025-07-19 16:37:34,71,0.878
2025-07-19 16:37:35,58,0.862
2025-07-19 16:37:36,68,0.882
2025-07-19 16:37:37,72,0.941
2025-07-19 16:37:38,69,0.932
2025-07-19 16:37:39,68,0.990
2025-07-19 16:37:40,66,0.996
2025-07-19 16:37:41,66,0.893
2025-07-19 16:37:42,69,0.997
2025-07-19 16:37:43,68,0.913
2025-07-19 16:37:44,68,0.860
2025-07-19 16:37:45,71,0.975
2025-07-19 16:37:46,73,0.898
2025-07-19 16:37:47,74,0.966
2025-07-19 16:37:48,66,0.950
2025-07-19 16:37:49,68,0.934
2025-07-19 16:37:50,67,0.867
2025-07-19 16:37:51,69,0.945
2025-07-19 16:37:52,70,0.999
2025-07-19 16:37:53,68,0.877
2025-07-19 16:37:54,73,0.914
2025-07-19 16:37:55,72,0.947
2025-07-19 16:37:56,80,0.860
2025-07-19 16:37:57,67,0.938
2025-07-19 16:37:58,66,0.920
2025-07-19 16:37:59,63,0.914
2025-07-19 16:38:00,66,0.874
2025-07-19 16:38:01,64,0.942
2025-07-19 16:38:02,73,0.974
2025-07-19 16:38:03,66,0.927
2025-07-19 16:38:04,73,0.987
2025-07-19 16:38:05,68,0.912
2025-07-19 16:38:06,68,0.972
2025-07-19 16:38:07,68,0.903
2025-07-19 16:38:08,70,0.955
2025-07-19 16:38:09,67,0.950
2025-07-19 16:38:10,69,0.871
2025-07-19 16:38:11,70,0.883
2025-07-19 16:38:12,70,0.899
2025-07-19 16:38:13,75,0.947
2025-07-19 16:38:14,72,0.852
2025-07-19 16:38:15,70,0.913
2025-07-19 16:38:16,72,0.931
2025-07-19 16:38:17,65,0.910
2025-07-19 16:38:18,64,0.904
2025-07-19 16:38:19,71,0.948
2025-07-19 16:38:20,69,0.924
2025-07-19 16:38:21,67,0.996
2025-07-19 16:38:22,70,0.955
2025-07-19 16:38:23,67,0.994
2025-07-19 16:38:24,70,0.984
2025-07-19 16:38:25,66,0.866
2025-07-19 16:38:26,72,0.915
2025-07-19 16:38:27,70,0.895
2025-07-19 16:38:28,70,0.980
2025-07-19 16:38:29,68,0.953
2025-07-19 16:38:30,70,0.970
2025-07-19 16:38:31,73,0.967
2025-07-19 16:38:32,70,0.946
2025-07-19 16:38:33,65,0.960
2025-07-19 16:38:34,72,0.961
2025-07-19 16:38:35,72,0.969
2025-07-19 16:38:36,71,0.872
2025-07-19 16:38:37,70,0.980
2025-07-19 16:38:38,65,0.894
2025-07-19 16:38:39,66,0.938
2025-07-19 16:38:40,74,0.949
2025-07-19 16:38:41,64,0.919
2025-07-19 16:38:42,67,0.936
2025-07-19 16:38:43,69,0.855
2025-07-19 16:38:44,65,0.968
2025-07-19 16:38:45,70,0.859
2025-07-19 16:38:46,68,0.865
2025-07-19 16:38:47,66,0.906
2025-07-19 16:38:48,67,0.891
2025-07-19 16:38:49,63,0.950
2025-07-19 16:38:50,69,0.886
2025-07-19 16:38:51,73,0.893
2025-07-19 16:38:52,68,0.881
2025-07-19 16:38:53,72,0.999
2025-07-19 16:38:54,66,0.972
2025-07-19 16:38:55,68,0.922
2025-07-19 16:38:56,74,0.923
2025-07-19 16:38:57,69,0.862
2025-07-19 16:38:58,71,0.989
2025-07-19 16:38:59,72,0.992
2025-07-19 16:39:00,73,0.922
2025-07-19 16:39:01,65,0.982
2025-07-19 16:39:02,73,0.961
2025-07-19 16:39:03,67,0.861
2025-07-19 16:39:04,71,0.938
2025-07-19 16:39:05,72,0.974
2025-07-19 16:39:06,68,0.911
2025-07-19 16:39:07,65,0.976
2025-07-19 16:39:08,73,0.941
2025-07-19 16:39:09,67,0.875
2025-07-19 16:39:10,71,0.965
2025-07-19 16:39:11,62,0.922
2025-07-19 16:39:12,66,0.933
2025-07-19 16:39:13,71,0.884
2025-07-19 16:39:14,68,0.900
2025-07-19 16:39:15,74,0.950
2025-07-19 16:39:16,68,0.863
2025-07-19 16:39:17,66,0.916
2025-07-19 16:39:18,69,0.950
2025-07-19 16:39:19,71,0.897
2025-07-19 16:39:20,66,0.924
2025-07-19 16:39:21,71,0.969
2025-07-19 16:39:22,66,0.893
2025-07-19 16:39:23,68,0.885
2025-07-19 16:39:24,66,0.938
2025-07-19 16:39:25,67,0.888
2025-07-19 16:39:26,70,0.905
2025-07-19 16:39:27,56,0.993
2025-07-19 16:39:28,70,0.965
2025-07-19 16:39:29,71,0.978
2025-07-19 16:39:30,70,0.934
2025-07-19 16:39:31,63,0.943
2025-07-19 16:39:32,62,0.911
2025-07-19 16:39:33,67,0.970
2025-07-19 16:39:34,65,0.980
2025-07-19 16:39:35,68,0.941
2025-07-19 16:39:36,70,0.921
2025-07-19 16:39:37,68,0.882
2025-07-19 16:39:38,66,0.852
2025-07-19 16:39:39,64,0.992
2025-07-19 16:39:40,69,0.967
2025-07-19 16:39:41,62,0.953
2025-07-19 16:39:42,71,0.856
2025-07-19 16:39:43,66,0.934
2025-07-19 16:39:44,72,0.977
2025-07-19 16:39:45,67,0.885
2025-07-19 16:39:46,64,0.961
2025-07-19 16:39:47,70,0.856
2025-07-19 16:39:48,64,0.889
2025-07-19 16:39:49,74,0.925
2025-07-19 16:39:50,73,0.861
2025-07-19 16:39:51,69,0.912
2025-07-19 16:39:52,76,0.931
2025-07-19 16:39:53,76,0.868
2025-07-19 16:39:54,71,0.922
2025-07-19 16:39:55,71,0.895
2025-07-19 16:39:56,70,0.936
2025-07-19 16:39:57,75,0.877
2025-07-19 16:39:58,64,0.975
2025-07-19 16:39:59,64,0.875
2025-07-19 16:40:00,72,0.936
2025-07-19 16:40:01,68,0.875
2025-07-19 16:40:02,72,0.930
2025-07-19 16:40:03,66,0.951
2025-07-19 16:40:04,68,0.963
2025-07-19 16:40:05,70,0.999
2025-07-19 16:40:06,66,0.987
2025-07-19 16:40:07,70,0.930
2025-07-19 16:40:08,72,0.934
2025-07-19 16:40:09,71,0.857
2025-07-19 16:40:10,66,0.945
2025-07-19 16:40:11,71,0.980
2025-07-19 16:40:12,71,0.883
2025-07-19 16:40:13,70,0.902
2025-07-19 16:40:14,68,0.906
2025-07-19 16:40:15,62,0.997
2025-07-19 16:40:16,71,0.989
2025-07-19 16:40:17,74,0.987
2025-07-19 16:40:18,69,0.939
2025-07-19 16:40:19,66,0.894
2025-07-19 16:40:20,69,0.852
2025-07-19 16:40:21,64,0.935
2025-07-19 16:40:22,74,0.916
2025-07-19 16:40:23,70,0.935
2025-07-19 16:40:24,63,0.975
2025-07-19 16:40:25,64,0.885
2025-07-19 16:40:26,71,0.876
2025-07-19 16:40:27,73,0.974
2025-07-19 16:40:28,66,0.903
2025-07-19 16:40:29,63,0.853
2025-07-19 16:40:30,72,0.909
2025-07-19 16:40:31,69,0.953
2025-07-19 16:40:32,71,0.877
2025-07-19 16:40:33,61,0.986
2025-07-19 16:40:34,70,0.906
2025-07-19 16:40:35,78,0.996
2025-07-19 16:40:36,68,0.931
2025-07-19 16:40:37,73,0.977
2025-07-19 16:40:38,66,0.983
2025-07-19 16:40:39,64,0.890
2025-07-19 16:40:40,63,0.977
2025-07-19 16:40:41,69,0.918
2025-07-19 16:40:42,70,0.929
2025-07-19 16:40:43,67,0.929
2025-07-19 16:40:44,69,0.934
2025-07-19 16:40:45,66,0.851
2025-07-19 16:40:46,69,0.978
2025-07-19 16:40:47,65,0.988
2025-07-19 16:40:48,69,0.877
2025-07-19 16:40:49,73,0.879
2025-07-19 16:40:50,60,0.933
2025-07-19 16:40:51,73,0.948
2025-07-19 16:40:52,70,0.920
2025-07-19 16:40:53,72,0.937
2025-07-19 16:40:54,70,0.964
2025-07-19 16:40:55,70,0.929
2025-07-19 16:40:56,62,0.967
2025-07-19 16:40:57,72,0.891
2025-07-19 16:40:58,64,0.987
2025-07-19 16:40:59,72,0.998
2025-07-19 16:41:00,72,0.870
2025-07-19 16:41:01,65,0.910
2025-07-19 16:41:02,73,0.990
2025-07-19 16:41:03,73,0.995
2025-07-19 16:41:04,66,0.952
2025-07-19 16:41:05,75,0.906
2025-07-19 16:41:06,66,0.946
2025-07-19 16:41:07,73,0.862
2025-07-19 16:41:08,64,0.853
2025-07-19 16:41:09,67,0.977
2025-07-19 16:41:10,73,0.864
2025-07-19 16:41:11,73,0.967
2025-07-19 16:41:12,69,0.856
2025-07-19 16:41:13,67,0.962
2025-07-19 16:41:14,70,0.958
2025-07-19 16:41:15,62,0.854
2025-07-19 16:41:16,67,0.853
2025-07-19 16:41:17,66,0.957
2025-07-19 16:41:18,65,0.877
2025-07-19 16:41:19,61,0.858
2025-07-19 16:41:20,66,0.906
2025-07-19 16:41:21,68,0.929
2025-07-19 16:41:22,67,0.901
2025-07-19 16:41:23,72,0.907
2025-07-19 16:41:24,70,0.934
2025-07-19 16:41:25,69,0.966
2025-07-19 16:41:26,71,0.920
2025-07-19 16:41:27,62,0.950
2025-07-19 16:41:28,74,0.982
2025-07-19 16:41:29,69,0.939
2025-07-19 16:41:30,78,0.979
2025-07-19 16:41:31,67,0.909
2025-07-19 16:41:32,64,0.936
2025-07-19 16:41:33,71,0.930
2025-07-19 16:41:34,68,0.917
2025-07-19 16:41:35,69,0.856
2025-07-19 16:41:36,78,0.950
2025-07-19 16:41:37,73,0.913
2025-07-19 16:41:38,69,0.951
2025-07-19 16:41:39,73,1.000
2025-07-19 16:41:40,73,0.987
2025-07-19 16:41:41,74,0.890
2025-07-19 16:41:42,75,0.900
2025-07-19 16:41:43,70,0.981
2025-07-19 16:41:44,67,0.906
2025-07-19 16:41:45,71,0.962
2025-07-19 16:41:46,67,0.900
2025-07-19 16:41:47,69,0.871
2025-07-19 16:41:48,72,0.989
2025-07-19 16:41:49,67,0.880
2025-07-19 16:41:50,68,0.951
2025-07-19 16:41:51,70,0.963
2025-07-19 16:41:52,70,0.858
2025-07-19 16:41:53,70,0.983
2025-07-19 16:41:54,70,0.986
2025-07-19 16:41:55,68,0.861
2025-07-19 16:41:56,74,0.932
2025-07-19 16:41:57,70,0.867
2025-07-19 16:41:58,69,0.914
2025-07-19 16:41:59,70,0.983
2025-07-19 16:42:00,80,0.864
2025-07-19 16:42:01,70,0.982
2025-07-19 16:42:02,71,0.934
2025-07-19 16:42:03,69,0.907
2025-07-19 16:42:04,66,0.998
2025-07-19 16:42:05,66,0.972
2025-07-19 16:42:06,69,0.903
2025-07-19 16:42:07,68,0.862
2025-07-19 16:42:08,71,0.859
2025-07-19 16:42:09,71,0.933
2025-07-19 16:42:10,71,0.953
2025-07-19 16:42:11,77,0.903
2025-07-19 16:42:12,64,0.915
2025-07-19 16:42:13,69,0.871
2025-07-19 16:42:14,67,0.976
2025-07-19 16:42:15,65,0.877
2025-07-19 16:42:16,66,0.973
2025-07-19 16:42:17,68,0.915
2025-07-19 16:42:18,62,0.862
2025-07-19 16:42:19,63,0.871
2025-07-19 16:42:20,67,0.991
2025-07-19 16:42:21,67,0.864
2025-07-19 16:42:22,72,0.852
2025-07-19 16:42:23,71,0.958
2025-07-19 16:42:24,74,0.914
2025-07-19 16:42:25,73,0.986
2025-07-19 16:42:26,66,0.938
2025-07-19 16:42:27,65,0.954
2025-07-19 16:42:28,63,0.935
2025-07-19 16:42:29,64,0.961
2025-07-19 16:42:30,69,0.935
2025-07-19 16:42:31,70,0.973
2025-07-19 16:42:32,59,0.978
2025-07-19 16:42:33,62,0.872
2025-07-19 16:42:34,64,0.924
2025-07-19 16:42:35,68,0.888
2025-07-19 16:42:36,68,0.978
2025-07-19 16:42:37,69,0.998
2025-07-19 16:42:38,67,0.907
2025-07-19 16:42:39,68,0.990
2025-07-19 16:42:40,69,0.997
2025-07-19 16:42:41,66,0.919
2025-07-19 16:42:42,65,0.973
2025-07-19 16:42:43,69,0.931
2025-07-19 16:42:44,67,0.960
2025-07-19 16:42:45,68,0.985
2025-07-19 16:42:46,75,0.962
2025-07-19 16:42:47,71,0.926
2025-07-19 16:42:48,66,0.953
2025-07-19 16:42:49,61,0.980
2025-07-19 16:42:50,65,0.937
2025-07-19 16:42:51,75,0.851
2025-07-19 16:42:52,72,0.866
2025-07-19 16:42:53,67,0.971
2025-07-19 16:42:54,66,0.873
2025-07-19 16:42:55,72,0.875
2025-07-19 16:42:56,65,0.972
2025-07-19 16:42:57,71,0.888
2025-07-19 16:42:58,66,0.965
2025-07-19 16:42:59,69,0.939
2025-07-19 16:43:00,67,0.896
2025-07-19 16:43:01,66,0.947
2025-07-19 16:43:02,64,0.922
2025-07-19 16:43:03,68,0.914
2025-07-19 16:43:04,69,0.858
2025-07-19 16:43:05,71,0.853
2025-07-19 16:43:06,68,0.926
2025-07-19 16:43:07,66,0.981
2025-07-19 16:43:08,67,0.911
2025-07-19 16:43:09,70,0.984
2025-07-19 16:43:10,66,0.956
2025-07-19 16:43:11,69,0.935
2025-07-19 16:43:12,64,0.853
2025-07-19 16:43:13,71,0.876
2025-07-19 16:43:14,67,0.930
2025-07-19 16:43:15,64,0.986
2025-07-19 16:43:16,61,0.934
2025-07-19 16:43:17,63,0.962
2025-07-19 16:43:18,72,0.921
2025-07-19 16:43:19,69,0.993
2025-07-19 16:43:20,67,0.974
2025-07-19 16:43:21,69,0.928
2025-07-19 16:43:22,71,0.986
2025-07-19 16:43:23,67,0.965
2025-07-19 16:43:24,69,0.940
2025-07-19 16:43:25,67,0.993
2025-07-19 16:43:26,66,0.970
2025-07-19 16:43:27,73,0.925
2025-07-19 16:43:28,70,0.946
2025-07-19 16:43:29,65,0.992
2025-07-19 16:43:30,69,0.945
2025-07-19 16:43:31,71,0.956
2025-07-19 16:43:32,64,0.903
2025-07-19 16:43:33,69,0.875
2025-07-19 16:43:34,66,0.936
2025-07-19 16:43:35,65,0.969
2025-07-19 16:43:36,63,0.992
2025-07-19 16:43:37,71,0.957
2025-07-19 16:43:38,71,0.878
2025-07-19 16:43:39,72,0.983
2025-07-19 16:43:40,63,0.891
2025-07-19 16:43:41,67,0.971
2025-07-19 16:43:42,68,0.911
2025-07-19 16:43:43,68,0.994
2025-07-19 16:43:44,71,0.984
2025-07-19 16:43:45,69,0.869
2025-07-19 16:43:46,75,0.923
2025-07-19 16:43:47,71,0.973
2025-07-19 16:43:48,61,0.861
2025-07-19 16:43:49,70,0.918
2025-07-19 16:43:50,64,0.901
2025-07-19 16:43:51,66,0.986
2025-07-19 16:43:52,69,0.879
2025-07-19 16:43:53,63,0.902
2025-07-19 16:43:54,70,0.962
2025-07-19 16:43:55,68,0.998
2025-07-19 16:43:56,64,0.881
2025-07-19 16:43:57,72,0.969
2025-07-19 16:43:58,70,0.921
2025-07-19 16:43:59,66,0.899
2025-07-19 16:44:00,72,0.959
2025-07-19 16:44:01,67,0.946
2025-07-19 16:44:02,69,0.977
2025-07-19 16:44:03,75,0.908
2025-07-19 16:44:04,66,0.993
2025-07-19 16:44:05,71,0.995
2025-07-19 16:44:06,72,0.888
2025-07-19 16:44:07,64,0.885
2025-07-19 16:44:08,66,0.903
2025-07-19 16:44:09,69,0.976
2025-07-19 16:44:10,74,0.892
2025-07-19 16:44:11,60,0.962
2025-07-19 16:44:12,63,0.952
2025-07-19 16:44:13,70,0.881
2025-07-19 16:44:14,72,0.907
2025-07-19 16:44:15,68,0.923
2025-07-19 16:44:16,77,0.965
2025-07-19 16:44:17,67,0.989
2025-07-19 16:44:18,66,0.992
2025-07-19 16:44:19,70,0.918
2025-07-19 16:44:20,72,0.898
2025-07-19 16:44:21,67,0.939
2025-07-19 16:44:22,66,0.876
2025-07-19 16:44:23,67,0.856
2025-07-19 16:44:24,69,0.968
2025-07-19 16:44:25,69,0.985
2025-07-19 16:44:26,65,0.922
2025-07-19 16:44:27,70,0.869
2025-07-19 16:44:28,74,0.959
2025-07-19 16:44:29,63,0.886
2025-07-19 16:44:30,70,0.882
2025-07-19 16:44:31,71,0.884
2025-07-19 16:44:32,81,0.858
2025-07-19 16:44:33,69,0.961
2025-07-19 16:44:34,68,0.860
2025-07-19 16:44:35,67,0.900
2025-07-19 16:44:36,65,0.876
2025-07-19 16:44:37,68,0.886
2025-07-19 16:44:38,68,0.865
2025-07-19 16:44:39,72,0.944
2025-07-19 16:44:40,72,0.941
2025-07-19 16:44:41,67,0.907
2025-07-19 16:44:42,66,0.977
2025-07-19 16:44:43,68,0.875
2025-07-19 16:44:44,70,0.911
2025-07-19 16:44:45,66,0.930
2025-07-19 16:44:46,70,0.874
2025-07-19 16:44:47,69,0.980
2025-07-19 16:44:48,64,0.938
2025-07-19 16:44:49,63,0.889
2025-07-19 16:44:50,64,0.853
2025-07-19 16:44:51,69,0.894
2025-07-19 16:44:52,66,0.905
2025-07-19 16:44:53,68,0.853
2025-07-19 16:44:54,69,0.995
2025-07-19 16:44:55,66,0.953
2025-07-19 16:44:56,70,0.872
2025-07-19 16:44:57,70,0.985
2025-07-19 16:44:58,65,0.916
2025-07-19 16:44:59,70,0.928
2025-07-19 16:45:00,67,0.927
2025-07-19 16:45:01,77,0.868
2025-07-19 16:45:02,71,0.876
2025-07-19 16:45:03,67,0.991
2025-07-19 16:45:04,66,0.870
2025-07-19 16:45:05,71,0.952
2025-07-19 16:45:06,69,0.873
2025-07-19 16:45:07,65,0.867
2025-07-19 16:45:08,75,0.883
2025-07-19 16:45:09,70,0.984
2025-07-19 16:45:10,61,0.861
2025-07-19 16:45:11,77,0.961
2025-07-19 16:45:12,69,0.884
2025-07-19 16:45:13,65,0.870
2025-07-19 16:45:14,68,0.890
2025-07-19 16:45:15,71,0.931
2025-07-19 16:45:16,65,0.944
2025-07-19 16:45:17,65,0.863
2025-07-19 16:45:18,70,0.896
2025-07-19 16:45:19,68,0.934
2025-07-19 16:45:20,70,0.853
2025-07-19 16:45:21,67,0.888
2025-07-19 16:45:22,68,0.994
2025-07-19 16:45:23,71,0.953
2025-07-19 16:45:24,64,0.993
2025-07-19 16:45:25,71,0.900
2025-07-19 16:45:26,72,0.986
2025-07-19 16:45:27,60,0.887
2025-07-19 16:45:28,74,0.898
2025-07-19 16:45:29,65,0.928
2025-07-19 16:45:30,65,0.894
2025-07-19 16:45:31,67,0.889
2025-07-19 16:45:32,64,0.895
2025-07-19 16:45:33,67,0.986
2025-07-19 16:45:34,73,0.923
2025-07-19 16:45:35,72,0.910
2025-07-19 16:45:36,65,0.853
2025-07-19 16:45:37,68,0.898
2025-07-19 16:45:38,70,0.858
2025-07-19 16:45:39,70,0.968
2025-07-19 16:45:40,69,0.907
2025-07-19 16:45:41,67,0.900
2025-07-19 16:45:42,70,0.905
2025-07-19 16:45:43,67,0.958
2025-07-19 16:45:44,69,0.939
2025-07-19 16:45:45,73,0.894
2025-07-19 16:45:46,63,0.918
2025-07-19 16:45:47,64,0.919
2025-07-19 16:45:48,73,0.977
2025-07-19 16:45:49,64,0.936
2025-07-19 16:45:50,67,0.862
2025-07-19 16:45:51,67,0.899
2025-07-19 16:45:52,65,0.858
2025-07-19 16:45:53,68,0.907
2025-07-19 16:45:54,62,0.914
2025-07-19 16:45:55,72,0.894
2025-07-19 16:45:56,70,0.851
2025-07-19 16:45:57,76,0.958
2025-07-19 16:45:58,76,0.961
2025-07-19 16:45:59,66,0.952
2025-07-19 16:46:00,65,0.858
2025-07-19 16:46:01,66,0.924
2025-07-19 16:46:02,66,0.904
2025-07-19 16:46:03,65,0.897
2025-07-19 16:46:04,74,0.960
2025-07-19 16:46:05,67,0.997
2025-07-19 16:46:06,67,0.874
2025-07-19 16:46:07,72,0.908
2025-07-19 16:46:08,67,0.920
2025-07-19 16:46:09,68,0.893
2025-07-19 16:46:10,64,0.927
2025-07-19 16:46:11,70,0.928
2025-07-19 16:46:12,62,0.914
2025-07-19 16:46:13,70,0.920
2025-07-19 16:46:14,70,0.870
2025-07-19 16:46:15,65,0.962
2025-07-19 16:46:16,65,0.954
2025-07-19 16:46:17,68,0.999
2025-07-19 16:46:18,69,0.932
2025-07-19 16:46:19,73,0.987
2025-07-19 16:46:20,69,0.963
2025-07-19 16:46:21,70,0.922
2025-07-19 16:46:22,63,0.955
2025-07-19 16:46:23,70,0.929
2025-07-19 16:46:24,65,0.962
2025-07-19 16:46:25,70,0.876
2025-07-19 16:46:26,67,0.872
2025-07-19 16:46:27,71,0.919
2025-07-19 16:46:28,72,0.935
2025-07-19 16:46:29,68,0.984
2025-07-19 16:46:30,65,0.948
2025-07-19 16:46:31,67,0.857
2025-07-19 16:46:32,58,0.958
2025-07-19 16:46:33,69,0.981
2025-07-19 16:46:34,73,0.902
2025-07-19 16:46:35,65,0.966
2025-07-19 16:46:36,71,0.866
2025-07-19 16:46:37,63,0.909
2025-07-19 16:46:38,67,0.939
2025-07-19 16:46:39,67,0.888
2025-07-19 16:46:40,72,0.902
2025-07-19 16:46:41,73,0.870
2025-07-19 16:46:42,68,0.972
2025-07-19 16:46:43,68,0.881
2025-07-19 16:46:44,68,0.899
2025-07-19 16:46:45,69,0.861
2025-07-19 16:46:46,66,0.960
2025-07-19 16:46:47,66,0.942
2025-07-19 16:46:48,61,0.918
2025-07-19 16:46:49,71,0.915
2025-07-19 16:46:50,69,0.856
2025-07-19 16:46:51,69,0.925
2025-07-19 16:46:52,71,0.914
2025-07-19 16:46:53,74,0.885
2025-07-19 16:46:54,67,0.913
2025-07-19 16:46:55,67,0.890
2025-07-19 16:46:56,73,0.921
2025-07-19 16:46:57,69,0.978
2025-07-19 16:46:58,69,0.986
2025-07-19 16:46:59,68,0.982
2025-07-19 16:47:00,66,0.962
2025-07-19 16:47:01,67,0.872
2025-07-19 16:47:02,69,0.905
2025-07-19 16:47:03,73,0.953
2025-07-19 16:47:04,74,0.916
2025-07-19 16:47:05,71,0.960
2025-07-19 16:47:06,73,0.978
2025-07-19 16:47:07,73,0.982
2025-07-19 16:47:08,67,0.967
2025-07-19 16:47:09,71,0.918
2025-07-19 16:47:10,77,0.867
2025-07-19 16:47:11,71,0.865
2025-07-19 16:47:12,69,0.911
2025-07-19 16:47:13,71,0.997
2025-07-19 16:47:14,71,0.999
2025-07-19 16:47:15,70,0.851
2025-07-19 16:47:16,70,0.917
2025-07-19 16:47:17,71,0.970
2025-07-19 16:47:18,62,0.952
2025-07-19 16:47:19,65,0.951
2025-07-19 16:47:20,70,0.950
2025-07-19 16:47:21,68,0.942
2025-07-19 16:47:22,67,0.878
2025-07-19 16:47:23,75,0.960
2025-07-19 16:47:24,67,0.860
2025-07-19 16:47:25,65,0.907
2025-07-19 16:47:26,68,0.870
2025-07-19 16:47:27,72,0.941
2025-07-19 16:47:28,74,0.991
2025-07-19 16:47:29,71,0.951
2025-07-19 16:47:30,63,0.996
2025-07-19 16:47:31,68,0.951
2025-07-19 16:47:32,72,0.990
2025-07-19 16:47:33,67,0.950
2025-07-19 16:47:34,72,0.911
2025-07-19 16:47:35,72,0.921
2025-07-19 16:47:36,70,0.996
2025-07-19 16:47:37,70,0.927
2025-07-19 16:47:38,67,0.970
2025-07-19 16:47:39,72,0.892
2025-07-19 16:47:40,74,0.876
2025-07-19 16:47:41,68,0.991
2025-07-19 16:47:42,70,0.858
2025-07-19 16:47:43,69,0.966
2025-07-19 16:47:44,68,0.888
2025-07-19 16:47:45,69,0.871
2025-07-19 16:47:46,64,0.960
2025-07-19 16:47:47,76,0.985
2025-07-19 16:47:48,69,0.948
2025-07-19 16:47:49,66,0.869
2025-07-19 16:47:50,70,0.912
2025-07-19 16:47:51,69,0.929
2025-07-19 16:47:52,69,0.891
2025-07-19 16:47:53,72,0.934
2025-07-19 16:47:54,73,0.944
2025-07-19 16:47:55,65,0.852
2025-07-19 16:47:56,70,0.882
2025-07-19 16:47:57,72,0.959
2025-07-19 16:47:58,67,0.873
2025-07-19 16:47:59,65,0.988
2025-07-19 16:48:00,68,0.990
2025-07-19 16:48:01,68,0.895
2025-07-19 16:48:02,73,0.862
2025-07-19 16:48:03,72,0.920
2025-07-19 16:48:04,67,0.906
2025-07-19 16:48:05,68,0.854
2025-07-19 16:48:06,72,0.925
2025-07-19 16:48:07,67,0.877
2025-07-19 16:48:08,66,0.871
2025-07-19 16:48:09,71,0.970
2025-07-19 16:48:10,71,0.893
2025-07-19 16:48:11,68,0.967
2025-07-19 16:48:12,68,0.998
2025-07-19 16:48:13,73,0.858
2025-07-19 16:48:14,74,0.997
2025-07-19 16:48:15,74,0.912
2025-07-19 16:48:16,68,0.960
2025-07-19 16:48:17,66,0.994
2025-07-19 16:48:18,68,0.981
2025-07-19 16:48:19,68,0.924
2025-07-19 16:48:20,66,0.975
2025-07-19 16:48:21,66,0.875
2025-07-19 16:48:22,64,0.936
2025-07-19 16:48:23,69,0.948
2025-07-19 16:48:24,69,0.947
2025-07-19 16:48:25,75,0.868
2025-07-19 16:48:26,67,0.890
2025-07-19 16:48:27,70,0.938
2025-07-19 16:48:28,76,0.991
2025-07-19 16:48:29,69,0.866
2025-07-19 16:48:30,69,0.867
2025-07-19 16:48:31,67,0.904
2025-07-19 16:48:32,76,0.991
2025-07-19 16:48:33,69,0.994
2025-07-19 16:48:34,70,0.896
2025-07-19 16:48:35,72,0.880
2025-07-19 16:48:36,69,0.978
2025-07-19 16:48:37,70,0.950
2025-07-19 16:48:38,67,0.912
2025-07-19 16:48:39,67,0.894
2025-07-19 16:48:40,65,0.915
2025-07-19 16:48:41,69,0.976
2025-07-19 16:48:42,67,0.860
2025-07-19 16:48:43,64,0.904
2025-07-19 16:48:44,71,0.972
2025-07-19 16:48:45,72,0.918
2025-07-19 16:48:46,71,0.946
2025-07-19 16:48:47,68,0.945
2025-07-19 16:48:48,72,0.984
2025-07-19 16:48:49,71,0.867
2025-07-19 16:48:50,68,0.971
2025-07-19 16:48:51,68,0.972
2025-07-19 16:48:52,66,0.863
2025-07-19 16:48:53,67,0.902
2025-07-19 16:48:54,66,0.957
2025-07-19 16:48:55,61,0.908
2025-07-19 16:48:56,74,0.972
2025-07-19 16:48:57,69,0.868
2025-07-19 16:48:58,68,0.890
2025-07-19 16:48:59,70,0.858
2025-07-19 16:49:00,66,0.969
2025-07-19 16:49:01,64,0.852
2025-07-19 16:49:02,62,0.993
2025-07-19 16:49:03,69,0.999
2025-07-19 16:49:04,72,0.897
2025-07-19 16:49:05,66,0.958
2025-07-19 16:49:06,70,0.954
2025-07-19 16:49:07,72,0.972
2025-07-19 16:49:08,67,0.999
2025-07-19 16:49:09,62,0.870
2025-07-19 16:49:10,65,0.899
2025-07-19 16:49:11,71,0.944
2025-07-19 16:49:12,70,0.981
2025-07-19 16:49:13,66,0.946
2025-07-19 16:49:14,71,0.930
2025-07-19 16:49:15,64,0.982
2025-07-19 16:49:16,63,0.992
2025-07-19 16:49:17,69,0.875
2025-07-19 16:49:18,70,0.888
2025-07-19 16:49:19,68,0.948
2025-07-19 16:49:20,74,0.901
2025-07-19 16:49:21,66,0.903
2025-07-19 16:49:22,67,0.898
2025-07-19 16:49:23,62,0.917
2025-07-19 16:49:24,68,0.982
2025-07-19 16:49:25,68,0.924
2025-07-19 16:49:26,61,0.877
2025-07-19 16:49:27,66,0.957
2025-07-19 16:49:28,70,0.932
2025-07-19 16:49:29,64,0.978
2025-07-19 16:49:30,62,0.962
2025-07-19 16:49:31,68,0.974
2025-07-19 16:49:32,65,0.962
2025-07-19 16:49:33,69,0.910
2025-07-19 16:49:34,65,0.955
2025-07-19 16:49:35,62,0.864
2025-07-19 16:49:36,70,0.906
2025-07-19 16:49:37,72,0.896
2025-07-19 16:49:38,76,0.882
2025-07-19 16:49:39,64,0.892
2025-07-19 16:49:40,69,0.912
2025-07-19 16:49:41,62,0.928
2025-07-19 16:49:42,65,0.977
2025-07-19 16:49:43,70,0.905
2025-07-19 16:49:44,71,0.957
2025-07-19 16:49:45,74,0.936
2025-07-19 16:49:46,68,0.854
2025-07-19 16:49:47,71,0.962
2025-07-19 16:49:48,65,0.925
2025-07-19 16:49:49,75,0.990
2025-07-19 16:49:50,69,0.881
2025-07-19 16:49:51,69,0.875
2025-07-19 16:49:52,72,0.935
2025-07-19 16:49:53,68,0.914
2025-07-19 16:49:54,67,0.885
2025-07-19 16:49:55,66,0.931
2025-07-19 16:49:56,64,0.909
2025-07-19 16:49:57,75,0.931
2025-07-19 16:49:58,68,0.915
2025-07-19 16:49:59,68,0.892
2025-07-19 16:50:00,72,0.984
2025-07-19 16:50:01,66,0.861
2025-07-19 16:50:02,69,0.955
2025-07-19 16:50:03,69,0.880
2025-07-19 16:50:04,74,0.906
2025-07-19 16:50:05,72,0.980
2025-07-19 16:50:06,71,0.878
2025-07-19 16:50:07,65,0.964
2025-07-19 16:50:08,62,0.964
2025-07-19 16:50:09,69,0.889
2025-07-19 16:50:10,71,0.859
2025-07-19 16:50:11,66,0.876
2025-07-19 16:50:12,69,0.886
2025-07-19 16:50:13,63,0.979
2025-07-19 16:50:14,67,0.865
2025-07-19 16:50:15,66,0.934
2025-07-19 16:50:16,70,0.863
2025-07-19 16:50:17,68,0.951
2025-07-19 16:50:18,68,0.862
2025-07-19 16:50:19,68,0.917
2025-07-19 16:50:20,70,0.966
2025-07-19 16:50:21,70,0.963
2025-07-19 16:50:22,74,0.938
2025-07-19 16:50:23,69,0.966
2025-07-19 16:50:24,65,0.878
2025-07-19 16:50:25,68,0.897
2025-07-19 16:50:26,71,0.927
2025-07-19 16:50:27,68,0.926
2025-07-19 16:50:28,70,0.992
2025-07-19 16:50:29,67,0.937
2025-07-19 16:50:30,64,0.987
2025-07-19 16:50:31,75,0.997
2025-07-19 16:50:32,72,0.872
2025-07-19 16:50:33,66,0.930
2025-07-19 16:50:34,70,0.851
2025-07-19 16:50:35,69,0.873
2025-07-19 16:50:36,65,0.934
2025-07-19 16:50:37,70,0.871
2025-07-19 16:50:38,70,0.914
2025-07-19 16:50:39,61,0.944
2025-07-19 16:50:40,70,0.991
2025-07-19 16:50:41,77,0.962
2025-07-19 16:50:42,75,0.856
2025-07-19 16:50:43,67,0.871
2025-07-19 16:50:44,68,0.885
2025-07-19 16:50:45,74,0.951
2025-07-19 16:50:46,64,0.986
2025-07-19 16:50:47,73,0.897
2025-07-19 16:50:48,72,0.910
2025-07-19 16:50:49,68,0.929
2025-07-19 16:50:50,69,0.958
2025-07-19 16:50:51,71,0.981
2025-07-19 16:50:52,74,0.919
2025-07-19 16:50:53,64,0.857
2025-07-19 16:50:54,68,0.900
2025-07-19 16:50:55,64,0.858
2025-07-19 16:50:56,69,0.994
2025-07-19 16:50:57,62,0.994
2025-07-19 16:50:58,67,0.950
2025-07-19 16:50:59,73,0.973
2025-07-19 16:51:00,66,0.937
2025-07-19 16:51:01,74,0.966
2025-07-19 16:51:02,75,0.868
2025-07-19 16:51:03,68,0.997
2025-07-19 16:51:04,70,0.886
2025-07-19 16:51:05,62,0.867
2025-07-19 16:51:06,73,0.887
2025-07-19 16:51:07,74,0.968
2025-07-19 16:51:08,68,0.949
2025-07-19 16:51:09,74,0.930
2025-07-19 16:51:10,68,0.927
2025-07-19 16:51:11,61,0.861
2025-07-19 16:51:12,72,0.901
2025-07-19 16:51:13,65,0.878
2025-07-19 16:51:14,61,0.996
2025-07-19 16:51:15,68,0.876
2025-07-19 16:51:16,66,0.959
2025-07-19 16:51:17,73,0.989
2025-07-19 16:51:18,70,0.860
2025-07-19 16:51:19,69,0.923
2025-07-19 16:51:20,68,0.904
2025-07-19 16:51:21,62,0.936
2025-07-19 16:51:22,68,0.943
2025-07-19 16:51:23,68,0.974
2025-07-19 16:51:24,74,0.971
2025-07-19 16:51:25,71,0.993
2025-07-19 16:51:26,65,0.956
2025-07-19 16:51:27,70,1.000
2025-07-19 16:51:28,65,0.979
2025-07-19 16:51:29,69,0.919
2025-07-19 16:51:30,71,0.943
2025-07-19 16:51:31,68,0.894
2025-07-19 16:51:32,74,0.919
2025-07-19 16:51:33,67,0.914
2025-07-19 16:51:34,71,0.858
2025-07-19 16:51:35,70,0.952
2025-07-19 16:51:36,65,0.851
2025-07-19 16:51:37,69,0.984
2025-07-19 16:51:38,72,0.996
2025-07-19 16:51:39,66,0.878
2025-07-19 16:51:40,66,0.929
2025-07-19 16:51:41,68,0.918
2025-07-19 16:51:42,67,0.880
2025-07-19 16:51:43,72,0.970
2025-07-19 16:51:44,73,0.930
2025-07-19 16:51:45,68,0.988
2025-07-19 16:51:46,59,0.979
2025-07-19 16:51:47,73,0.955
2025-07-19 16:51:48,68,0.929
2025-07-19 16:51:49,75,0.881
2025-07-19 16:51:50,64,0.854
2025-07-19 16:51:51,60,0.927
2025-07-19 16:51:52,69,0.984
2025-07-19 16:51:53,63,0.972
2025-07-19 16:51:54,72,0.878
2025-07-19 16:51:55,69,0.946
2025-07-19 16:51:56,72,0.911
2025-07-19 16:51:57,77,0.882
2025-07-19 16:51:58,72,0.867
2025-07-19 16:51:59,69,0.909
2025-07-19 16:52:00,66,0.966
2025-07-19 16:52:01,65,0.994
2025-07-19 16:52:02,65,0.948
2025-07-19 16:52:03,69,0.935
2025-07-19 16:52:04,70,0.864
2025-07-19 16:52:05,61,0.960
2025-07-19 16:52:06,66,0.954
2025-07-19 16:52:07,67,0.870
2025-07-19 16:52:08,68,0.993
2025-07-19 16:52:09,75,0.877
2025-07-19 16:52:10,67,0.877
2025-07-19 16:52:11,71,0.936
2025-07-19 16:52:12,69,0.908
2025-07-19 16:52:13,69,0.874
2025-07-19 16:52:14,72,0.958
2025-07-19 16:52:15,72,0.975
2025-07-19 16:52:16,64,0.908
2025-07-19 16:52:17,69,0.971
2025-07-19 16:52:18,66,0.994
2025-07-19 16:52:19,69,0.900
2025-07-19 16:52:20,66,0.982
2025-07-19 16:52:21,71,0.984
2025-07-19 16:52:22,66,0.990
2025-07-19 16:52:23,67,0.899
2025-07-19 16:52:24,71,0.894
2025-07-19 16:52:25,66,0.933
2025-07-19 16:52:26,69,0.906
2025-07-19 16:52:27,66,0.950
2025-07-19 16:52:28,67,0.864
2025-07-19 16:52:29,69,1.000
2025-07-19 16:52:30,70,0.854
2025-07-19 16:52:31,64,0.976
2025-07-19 16:52:32,68,0.911
2025-07-19 16:52:33,73,0.947
2025-07-19 16:52:34,71,0.945
2025-07-19 16:52:35,72,0.968
2025-07-19 16:52:36,68,0.918
2025-07-19 16:52:37,65,0.977
2025-07-19 16:52:38,73,0.886
2025-07-19 16:52:39,63,0.897
2025-07-19 16:52:40,65,0.991
2025-07-19 16:52:41,69,0.929
2025-07-19 16:52:42,61,0.965
2025-07-19 16:52:43,75,0.902
2025-07-19 16:52:44,66,0.989
2025-07-19 16:52:45,73,0.922
2025-07-19 16:52:46,65,0.985
2025-07-19 16:52:47,60,0.857
2025-07-19 16:52:48,67,0.961
2025-07-19 16:52:49,67,0.933
2025-07-19 16:52:50,71,0.946
2025-07-19 16:52:51,66,0.953
2025-07-19 16:52:52,68,0.893
2025-07-19 16:52:53,69,0.957
2025-07-19 16:52:54,68,0.880
2025-07-19 16:52:55,70,0.978
2025-07-19 16:52:56,76,0.982
2025-07-19 16:52:57,63,0.937
2025-07-19 16:52:58,65,0.989
2025-07-19 16:52:59,67,0.901
2025-07-19 16:53:00,68,0.995
2025-07-19 16:53:01,72,0.856
2025-07-19 16:53:02,72,0.947
2025-07-19 16:53:03,71,0.907
2025-07-19 16:53:04,67,0.856
2025-07-19 16:53:05,63,0.956
2025-07-19 16:53:06,71,0.881
2025-07-19 16:53:07,66,0.876
2025-07-19 16:53:08,72,0.972
2025-07-19 16:53:09,67,0.963
2025-07-19 16:53:10,69,0.892
2025-07-19 16:53:11,69,0.974
2025-07-19 16:53:12,66,0.964
2025-07-19 16:53:13,66,0.924
2025-07-19 16:53:14,71,0.975
2025-07-19 16:53:15,74,0.926
2025-07-19 16:53:16,70,0.932
2025-07-19 16:53:17,66,0.965
2025-07-19 16:53:18,68,0.966
2025-07-19 16:53:19,69,0.882
2025-07-19 16:53:20,77,0.935
2025-07-19 16:53:21,65,0.934
2025-07-19 16:53:22,65,0.870
2025-07-19 16:53:23,63,0.923
2025-07-19 16:53:24,69,0.921
2025-07-19 16:53:25,71,0.859
2025-07-19 16:53:26,70,0.866
2025-07-19 16:53:27,67,0.992
2025-07-19 16:53:28,67,0.984
2025-07-19 16:53:29,64,0.937
2025-07-19 16:53:30,72,0.941
2025-07-19 16:53:31,67,0.998
2025-07-19 16:53:32,72,0.919
2025-07-19 16:53:33,71,0.898
2025-07-19 16:53:34,70,0.999
2025-07-19 16:53:35,73,0.959
2025-07-19 16:53:36,67,0.917
2025-07-19 16:53:37,65,0.985
2025-07-19 16:53:38,68,0.982
2025-07-19 16:53:39,69,0.901
2025-07-19 16:53:40,65,0.943
2025-07-19 16:53:41,64,0.993
2025-07-19 16:53:42,71,0.964
2025-07-19 16:53:43,71,0.940
2025-07-19 16:53:44,73,0.912
2025-07-19 16:53:45,73,0.910
2025-07-19 16:53:46,68,0.961
2025-07-19 16:53:47,65,0.894
2025-07-19 16:53:48,72,0.869
2025-07-19 16:53:49,72,0.926
2025-07-19 16:53:50,72,0.952
2025-07-19 16:53:51,68,0.905
2025-07-19 16:53:52,68,0.924
2025-07-19 16:53:53,66,0.871
2025-07-19 16:53:54,68,0.877
2025-07-19 16:53:55,68,0.933
2025-07-19 16:53:56,59,0.859
2025-07-19 16:53:57,63,0.911
2025-07-19 16:53:58,66,0.920
2025-07-19 16:53:59,68,0.900
2025-07-19 16:54:00,60,0.895
2025-07-19 16:54:01,69,0.892
2025-07-19 16:54:02,67,0.909
2025-07-19 16:54:03,69,0.995
2025-07-19 16:54:04,66,0.949
2025-07-19 16:54:05,62,0.890
2025-07-19 16:54:06,70,0.874
2025-07-19 16:54:07,63,0.895
2025-07-19 16:54:08,62,0.907
2025-07-19 16:54:09,68,0.892
2025-07-19 16:54:10,70,0.852
2025-07-19 16:54:11,69,0.984
2025-07-19 16:54:12,73,0.993
2025-07-19 16:54:13,71,0.946
2025-07-19 16:54:14,73,0.910
2025-07-19 16:54:15,74,0.924
2025-07-19 16:54:16,77,0.954
2025-07-19 16:54:17,72,0.851
2025-07-19 16:54:18,63,0.934
2025-07-19 16:54:19,73,0.957
2025-07-19 16:54:20,66,0.859
2025-07-19 16:54:21,69,0.852
2025-07-19 16:54:22,69,0.905
2025-07-19 16:54:23,66,0.982
2025-07-19 16:54:24,70,0.904
2025-07-19 16:54:25,70,0.959
2025-07-19 16:54:26,65,0.944
2025-07-19 16:54:27,62,0.857
2025-07-19 16:54:28,78,0.914
2025-07-19 16:54:29,70,0.929
2025-07-19 16:54:30,61,0.905
2025-07-19 16:54:31,66,0.942
2025-07-19 16:54:32,70,0.978
2025-07-19 16:54:33,68,0.989
2025-07-19 16:54:34,68,0.869
2025-07-19 16:54:35,72,0.922
2025-07-19 16:54:36,70,0.888
2025-07-19 16:54:37,68,0.853
2025-07-19 16:54:38,65,0.889
2025-07-19 16:54:39,67,0.908
2025-07-19 16:54:40,66,0.927
2025-07-19 16:54:41,70,0.988
2025-07-19 16:54:42,68,0.927
