SampleType,SampleRate,StartTime,Data
HEART_RATE,1.0,2025-08-11T01:40:52.000Z,109;84;72;104;60;104;101;77;77;95
HEART_RATE,1.0,2025-08-11T01:41:02.000Z,86;133;103;132;88;72;108;88;99;95
HEART_RATE,1.0,2025-08-11T01:41:12.000Z,90;77;86;108;81;113;65;105;82;100
HEART_RATE,1.0,2025-08-11T01:41:22.000Z,77;124;121;106;120;109;64;108;89;81
HEART_RATE,1.0,2025-08-11T01:41:32.000Z,147;77;121;97;82;99;103;116;66;75
HEART_RATE,1.0,2025-08-11T01:41:42.000Z,99;118;103;110;85;107;40;93;97;117
HEART_RATE,1.0,2025-08-11T01:41:52.000Z,121;72;111;76;115;99;99;80;114;119
HEART_RATE,1.0,2025-08-11T01:42:02.000Z,58;122;91;107;70;100;128;71;80;75
HEART_RATE,1.0,2025-08-11T01:42:12.000Z,83;95;96;104;102;94;110;70;88;89
HEART_RATE,1.0,2025-08-11T01:42:22.000Z,76;103;87;86;98;103;102;85;95;99
HEART_RATE,1.0,2025-08-11T01:42:32.000Z,89;92;74;75;110;80;105;76;101;99
HEART_RATE,1.0,2025-08-11T01:42:42.000Z,86;85;128;79;97;112;83;83;115;85
HEART_RATE,1.0,2025-08-11T01:42:52.000Z,111;77;99;84;89;103;68;107;65;101
HEART_RATE,1.0,2025-08-11T01:43:02.000Z,65;75;90;82;109;98;105;113;76;115
HEART_RATE,1.0,2025-08-11T01:43:12.000Z,89;87;100;101;118;68;93;136;126;117
HEART_RATE,1.0,2025-08-11T01:43:22.000Z,93;68;103;135;98;79;95;111;81;72
HEART_RATE,1.0,2025-08-11T01:43:32.000Z,79;93;81;100;106;120;101;71;126;98
HEART_RATE,1.0,2025-08-11T01:43:42.000Z,86;69;79;92;122;88;89;96;115;120
HEART_RATE,1.0,2025-08-11T01:43:52.000Z,79;105;77;105;95;86;109;78;120;148
HEART_RATE,1.0,2025-08-11T01:44:02.000Z,98;90;75;105;107;96;96;117;67;86
HEART_RATE,1.0,2025-08-11T01:44:12.000Z,106;91;94;74;96;96;108;127;62;87
HEART_RATE,1.0,2025-08-11T01:44:22.000Z,97;107;84;81;91;113;100;109;81;96
HEART_RATE,1.0,2025-08-11T01:44:32.000Z,84;97;91;62;77;73;70;70;104;99
HEART_RATE,1.0,2025-08-11T01:44:42.000Z,107;83;110;123;66;91;90;100;82;90
HEART_RATE,1.0,2025-08-11T01:44:52.000Z,109;108;97;87;95;96;141;125;98;104
HEART_RATE,1.0,2025-08-11T01:45:02.000Z,127;92;130;139;124;121;103;90;103;69
HEART_RATE,1.0,2025-08-11T01:45:12.000Z,77;86;68;83;83;90;126;90;137;88
HEART_RATE,1.0,2025-08-11T01:45:22.000Z,73;94;103;111;107;84;84;108;63;127
HEART_RATE,1.0,2025-08-11T01:45:32.000Z,126;73;89;91;115;82;109;96;122;85
HEART_RATE,1.0,2025-08-11T01:45:42.000Z,78;81;103;90;114;104;96;75;94;124
HEART_RATE,1.0,2025-08-11T01:45:52.000Z,93;64;140;99;103;44;100;84;99;75
HEART_RATE,1.0,2025-08-11T01:46:02.000Z,100;87;87;80;114;124;118;80;106;60
HEART_RATE,1.0,2025-08-11T01:46:12.000Z,60;104;102;73;85;105;87;86;57;121
HEART_RATE,1.0,2025-08-11T01:46:22.000Z,100;109;100;106;91;76;141;109;101;87
HEART_RATE,1.0,2025-08-11T01:46:32.000Z,81;116;101;85;100;51;120;101;98;74
HEART_RATE,1.0,2025-08-11T01:46:42.000Z,81;88;101;72;89;106;84;108;100;124
HEART_RATE,1.0,2025-08-11T01:46:52.000Z,100;123;122;90;129;117;78;113;94;94
HEART_RATE,1.0,2025-08-11T01:47:02.000Z,100;97;98;111;86;103;146;98;71;123
HEART_RATE,1.0,2025-08-11T01:47:12.000Z,92;118;105;77;105;104;73;76;92;71
HEART_RATE,1.0,2025-08-11T01:47:22.000Z,62;90;83;93;72;73;113;141;96;103
HEART_RATE,1.0,2025-08-11T01:47:32.000Z,94;91;75;101;100;104;57;85;105;96
HEART_RATE,1.0,2025-08-11T01:47:42.000Z,101;76;102;96;101;120;85;121;72;98
HEART_RATE,1.0,2025-08-11T01:47:52.000Z,99;107;81;103;105;128;106;97;105;111
HEART_RATE,1.0,2025-08-11T01:48:02.000Z,105;117;125;101;103;92;98;129;83;98
HEART_RATE,1.0,2025-08-11T01:48:12.000Z,52;102;124;100;90;96;84;79;89;74
HEART_RATE,1.0,2025-08-11T01:48:22.000Z,101;87;100;88;64;60;66;91;81;93
HEART_RATE,1.0,2025-08-11T01:48:32.000Z,110;119;57;94;104;95;86;94;96;78
HEART_RATE,1.0,2025-08-11T01:48:42.000Z,99;86;117;99;78;84;95;90;106;116
HEART_RATE,1.0,2025-08-11T01:48:52.000Z,84;83;85;85;103;98;114;91;69;77
HEART_RATE,1.0,2025-08-11T01:49:02.000Z,102;120;120;82;90;68;83;95;84;88
HEART_RATE,1.0,2025-08-11T01:49:12.000Z,48;119;84;68;80;82;116;108;91;102
HEART_RATE,1.0,2025-08-11T01:49:22.000Z,78;85;109;84;94;113;101;117;94;115
HEART_RATE,1.0,2025-08-11T01:49:32.000Z,82;71;81;104;136;90;83;97;97;110
HEART_RATE,1.0,2025-08-11T01:49:42.000Z,91;89;85;118;116;107;76;94;89;91
HEART_RATE,1.0,2025-08-11T01:49:52.000Z,104;86;85;95;107;96;118;110;96;95
HEART_RATE,1.0,2025-08-11T01:50:02.000Z,125;114;68;69;87;83;79;77;114;104
HEART_RATE,1.0,2025-08-11T01:50:12.000Z,118;99;91;126;81;77;106;102;108;91
HEART_RATE,1.0,2025-08-11T01:50:22.000Z,100;98;94;113;73;77;110;54;104;101
HEART_RATE,1.0,2025-08-11T01:50:32.000Z,131;71;55;85;97;121;91;94;70;81
HEART_RATE,1.0,2025-08-11T01:50:42.000Z,100;125;85;105;137;112;85;109;98;90
HEART_RATE,1.0,2025-08-11T01:50:52.000Z,116;89;68;79;117;105;114;82;81;95
HEART_RATE,1.0,2025-08-11T01:51:02.000Z,102;124;70;108;104;80;70;88;80;113
HEART_RATE,1.0,2025-08-11T01:51:12.000Z,90;128;132;114;84;99;74;62;104;77
HEART_RATE,1.0,2025-08-11T01:51:22.000Z,105;106;122;67;69;128;104;79;110;79
HEART_RATE,1.0,2025-08-11T01:51:32.000Z,97;120;88;99;110;94;138;122;117;93
HEART_RATE,1.0,2025-08-11T01:51:42.000Z,88;119;81;78;89;71;100;97;73;105
HEART_RATE,1.0,2025-08-11T01:51:52.000Z,44;68;120;76;95;76;93;91;123;108
HEART_RATE,1.0,2025-08-11T01:52:02.000Z,103;90;110;80;122;82;108;98;103;76
HEART_RATE,1.0,2025-08-11T01:52:12.000Z,57;65;69;98;83;94;95;88;88;69
HEART_RATE,1.0,2025-08-11T01:52:22.000Z,57;130;92;125;84;108;135;104;112;76
HEART_RATE,1.0,2025-08-11T01:52:32.000Z,80;102;103;73;85;126;94;76;88;103
HEART_RATE,1.0,2025-08-11T01:52:42.000Z,139;85;103;84;115;107;73;90;110;131
HEART_RATE,1.0,2025-08-11T01:52:52.000Z,96;100;81;91;102;74;112;92;83;79
HEART_RATE,1.0,2025-08-11T01:53:02.000Z,80;99;70;94;105;103;73;90;105;110
HEART_RATE,1.0,2025-08-11T01:53:12.000Z,92;92;95;119;145;124;93;108;99;123
HEART_RATE,1.0,2025-08-11T01:53:22.000Z,78;96;105;104;74;106;60;104;85;83
HEART_RATE,1.0,2025-08-11T01:53:32.000Z,89;68;89;82;93;104;84;109;89;91
HEART_RATE,1.0,2025-08-11T01:53:42.000Z,108;91;87;110;84;93;81;100;72;96
HEART_RATE,1.0,2025-08-11T01:53:52.000Z,106;94;103;135;84;77;137;110;129;100
HEART_RATE,1.0,2025-08-11T01:54:02.000Z,94;122;105;113;60;51;57;75;147;85
HEART_RATE,1.0,2025-08-11T01:54:12.000Z,138;47;129;97;136;92;92;75;104;139
HEART_RATE,1.0,2025-08-11T01:54:22.000Z,97;67;90;62;73;80;97;122;117;96
HEART_RATE,1.0,2025-08-11T01:54:32.000Z,65;96;90;66;123;115;113;86;94;88
HEART_RATE,1.0,2025-08-11T01:54:42.000Z,78;66;87;81;95;90;138;112;104;88
HEART_RATE,1.0,2025-08-11T01:54:52.000Z,94;103;111;84;89;89;90;79;93;83
HEART_RATE,1.0,2025-08-11T01:55:02.000Z,74;90;111;102;105;123;93;92;99;114
HEART_RATE,1.0,2025-08-11T01:55:12.000Z,84;126;95;121;67;93;52;137;140;119
HEART_RATE,1.0,2025-08-11T01:55:22.000Z,121;60;104;96;135;113;94;112;98;106
HEART_RATE,1.0,2025-08-11T01:55:32.000Z,66;105;124;144;65;74;138;106;144;116
HEART_RATE,1.0,2025-08-11T01:55:42.000Z,73;74;70;100;133;153;121;101;80;119
HEART_RATE,1.0,2025-08-11T01:55:52.000Z,131;85;104;92;116;121;120;120;81;118
HEART_RATE,1.0,2025-08-11T01:56:02.000Z,50;98;133;92;117;67;80;143;109;78
HEART_RATE,1.0,2025-08-11T01:56:12.000Z,161;114;122;125;109;88;100;106;111;89
HEART_RATE,1.0,2025-08-11T01:56:22.000Z,92;47;98;118;107;83;101;144;109;98
HEART_RATE,1.0,2025-08-11T01:56:32.000Z,87;58;101;81;119;127;84;69;92;109
HEART_RATE,1.0,2025-08-11T01:56:42.000Z,68;97;100;77;92;96;136;101;92;131
HEART_RATE,1.0,2025-08-11T01:56:52.000Z,95;154;109;128;65;110;94;89;137;80
HEART_RATE,1.0,2025-08-11T01:57:02.000Z,109;115;138;73;70;100;99;124;78;129
HEART_RATE,1.0,2025-08-11T01:57:12.000Z,93;65;122;155;87;109;106;111;135;59
HEART_RATE,1.0,2025-08-11T01:57:22.000Z,76;130;116;127;126;125;138;73;140;64
HEART_RATE,1.0,2025-08-11T01:57:32.000Z,104;140;136;78;115;142;82;103;114;74
HEART_RATE,1.0,2025-08-11T01:57:42.000Z,82;91;82;96;101;56;101;150;91;100
HEART_RATE,1.0,2025-08-11T01:57:52.000Z,63;130;128;91;111;125;113;105;116;61
HEART_RATE,1.0,2025-08-11T01:58:02.000Z,86;102;102;83;65;112;81;92;93;100
HEART_RATE,1.0,2025-08-11T01:58:12.000Z,127;106;128;142;114;96;110;105;145;119
HEART_RATE,1.0,2025-08-11T01:58:22.000Z,117;126;91;79;74;93;87;148;80;85
HEART_RATE,1.0,2025-08-11T01:58:32.000Z,135;115;98;169;62;126;77;126;60;119
HEART_RATE,1.0,2025-08-11T01:58:42.000Z,85;111;133;96;78;78;101;87;100;77
HEART_RATE,1.0,2025-08-11T01:58:52.000Z,100;100;111;111;51;118;98;134;87;81
HEART_RATE,1.0,2025-08-11T01:59:02.000Z,130;81;78;67;127;97;113;125;75;70
HEART_RATE,1.0,2025-08-11T01:59:12.000Z,106;95;78;98;83;104;92;106;115;94
HEART_RATE,1.0,2025-08-11T01:59:22.000Z,72;135;115;106;57;77;107;102;131;75
HEART_RATE,1.0,2025-08-11T01:59:32.000Z,98;119;119;98;89;57;115;101;147;51
HEART_RATE,1.0,2025-08-11T01:59:42.000Z,40;105;104;74;80;111;134;85;115;106
HEART_RATE,1.0,2025-08-11T01:59:52.000Z,89;76;155;119;102;91;62;77;79;153
HEART_RATE,1.0,2025-08-11T02:00:02.000Z,101;118;66;84;108;90;118;113;102;149
HEART_RATE,1.0,2025-08-11T02:00:12.000Z,95;87;79;111;59;84;125;149;108;139
HEART_RATE,1.0,2025-08-11T02:00:22.000Z,97;97;128;84;120;111;130;77;89;92
HEART_RATE,1.0,2025-08-11T02:00:32.000Z,145;77;116;94;73;140;76;95;101;127
HEART_RATE,1.0,2025-08-11T02:00:42.000Z,118;101;110;85;125;98;84;121;108;87
HEART_RATE,1.0,2025-08-11T02:00:52.000Z,130;122;104;106;97;130;71;66;132;109
HEART_RATE,1.0,2025-08-11T02:01:02.000Z,141;114;137;110;152;148;121;82;94;66
HEART_RATE,1.0,2025-08-11T02:01:12.000Z,122;108;102;108;134;109;137;90;89;100
HEART_RATE,1.0,2025-08-11T02:01:22.000Z,114;136;90;139;144;86;102;110;128;114
HEART_RATE,1.0,2025-08-11T02:01:32.000Z,128;77;110;67;97;128;101;83;120;103
HEART_RATE,1.0,2025-08-11T02:01:42.000Z,51;106;117;113;112;105;101;113;59;92
HEART_RATE,1.0,2025-08-11T02:01:52.000Z,140;143;146;99;107;94;96;65;124;144
HEART_RATE,1.0,2025-08-11T02:02:02.000Z,106;125;90;106;112;120;99;80;84;111
HEART_RATE,1.0,2025-08-11T02:02:12.000Z,95;108;96;138;132;89;89;71;129;88
HEART_RATE,1.0,2025-08-11T02:02:22.000Z,76;52;128;116;66;105;92;71;103;133
HEART_RATE,1.0,2025-08-11T02:02:32.000Z,115;157;111;127;111;99;102;91;115;124
HEART_RATE,1.0,2025-08-11T02:02:42.000Z,128;86;123;141;119;119;98;88;157;132
HEART_RATE,1.0,2025-08-11T02:02:52.000Z,125;108;82;131;129;101;142;96;112;67
HEART_RATE,1.0,2025-08-11T02:03:02.000Z,122;108;120;91;121;112;58;116;149;113
HEART_RATE,1.0,2025-08-11T02:03:12.000Z,83;121;90;121;96;117;137;61;99;101
HEART_RATE,1.0,2025-08-11T02:03:22.000Z,124;124;104;66;132;160;150;92;99;107
HEART_RATE,1.0,2025-08-11T02:03:32.000Z,85;110;89;75;88;101;82;126;109;109
HEART_RATE,1.0,2025-08-11T02:03:42.000Z,105;112;115;88;106;109;117;109;94;117
HEART_RATE,1.0,2025-08-11T02:03:52.000Z,59;97;91;103;112;102;101;109;106;119
HEART_RATE,1.0,2025-08-11T02:04:02.000Z,93;85;123;102;111;106;79;116;108;110
HEART_RATE,1.0,2025-08-11T02:04:12.000Z,137;114;108;65;85;134;78;109;99;143
HEART_RATE,1.0,2025-08-11T02:04:22.000Z,115;76;64;82;120;76;105;124;102;106
HEART_RATE,1.0,2025-08-11T02:04:32.000Z,118;125;143;92;113;94;83;95;109;102
HEART_RATE,1.0,2025-08-11T02:04:42.000Z,120;103;93;103;126;116;41;96;124;124
HEART_RATE,1.0,2025-08-11T02:04:52.000Z,118;40;138;108;111;92;117;116;96;110
HEART_RATE,1.0,2025-08-11T02:05:02.000Z,106;169;68;127;84;80;91;116;150;108
HEART_RATE,1.0,2025-08-11T02:05:12.000Z,85;126;85;74;108;136;121;104;71;101
HEART_RATE,1.0,2025-08-11T02:05:22.000Z,78;76;108;123;136;97;102;135;102;133
HEART_RATE,1.0,2025-08-11T02:05:32.000Z,96;96;85;99;122;123;113;121;108;125
HEART_RATE,1.0,2025-08-11T02:05:42.000Z,110;53;132;106;119;77;140;143;117;114
HEART_RATE,1.0,2025-08-11T02:05:52.000Z,79;96;78;85;104;106;115;97;123;107
HEART_RATE,1.0,2025-08-11T02:06:02.000Z,65;107;124;127;77;110;108;87;110;95
HEART_RATE,1.0,2025-08-11T02:06:12.000Z,87;128;109;120;108;100;108;50;109;103
HEART_RATE,1.0,2025-08-11T02:06:22.000Z,125;152;92;92;134;89;141;67;87;138
HEART_RATE,1.0,2025-08-11T02:06:32.000Z,89;137;93;152;112;90;77;122;111;172
HEART_RATE,1.0,2025-08-11T02:06:42.000Z,104;132;131;120;107;142;93;118;141;160
HEART_RATE,1.0,2025-08-11T02:06:52.000Z,131;105;92;76;114;123;118;129;113;103
HEART_RATE,1.0,2025-08-11T02:07:02.000Z,96;120;87;114;71;95;116;65;106;133
HEART_RATE,1.0,2025-08-11T02:07:12.000Z,95;65;69;120;103;122;118;102;86;110
HEART_RATE,1.0,2025-08-11T02:07:22.000Z,87;114;106;104;150;87;82;101;115;100
HEART_RATE,1.0,2025-08-11T02:07:32.000Z,102;113;117;110;117;117;82;109;117;88
HEART_RATE,1.0,2025-08-11T02:07:42.000Z,163;90;124;84;101;98;98;148;115;97
HEART_RATE,1.0,2025-08-11T02:07:52.000Z,92;64;103;87;96;86;150;130;127;69
HEART_RATE,1.0,2025-08-11T02:08:02.000Z,89;117;120;133;139;99;94;145;79;86
HEART_RATE,1.0,2025-08-11T02:08:12.000Z,148;123;104;95;110;116;97;112;148;125
HEART_RATE,1.0,2025-08-11T02:08:22.000Z,82;82;104;106;78;85;115;71;132;145
HEART_RATE,1.0,2025-08-11T02:08:32.000Z,121;111;112;142;141;118;140;103;137;124
HEART_RATE,1.0,2025-08-11T02:08:42.000Z,121;127;69;96;166;109;142;108;107;110
HEART_RATE,1.0,2025-08-11T02:08:52.000Z,96;124;95;62;75;96;81;106;76;109
HEART_RATE,1.0,2025-08-11T02:09:02.000Z,88;86;107;140;80;126;96;79;139;119
HEART_RATE,1.0,2025-08-11T02:09:12.000Z,62;81;67;83;86;110;106;112;80;114
HEART_RATE,1.0,2025-08-11T02:09:22.000Z,153;88;106;91;86;141;94;146;121;121
HEART_RATE,1.0,2025-08-11T02:09:32.000Z,107;106;107;104;135;109;108;94;105;144
HEART_RATE,1.0,2025-08-11T02:09:42.000Z,102;115;150;139;97;101;131;77;133;105
HEART_RATE,1.0,2025-08-11T02:09:52.000Z,137;112;108;73;146;76;114;78;130;144
HEART_RATE,1.0,2025-08-11T02:10:02.000Z,152;69;150;100;142;125;121;116;86;108
HEART_RATE,1.0,2025-08-11T02:10:12.000Z,77;103;131;118;100;148;121;99;109;146
HEART_RATE,1.0,2025-08-11T02:10:22.000Z,93;79;106;105;118;123;84;107;98;141
HEART_RATE,1.0,2025-08-11T02:10:32.000Z,81;76;121;108;113;137;151;121;120;95
HEART_RATE,1.0,2025-08-11T02:10:42.000Z,134;114;82;69;121;121;111;103;88;173
HEART_RATE,1.0,2025-08-11T02:10:52.000Z,85;95;153;138;184;115;147;93;122;141
HEART_RATE,1.0,2025-08-11T02:11:02.000Z,121;85;133;71;112;140;77;144;129;147
HEART_RATE,1.0,2025-08-11T02:11:12.000Z,109;157;78;128;101;120;93;95;69;104
HEART_RATE,1.0,2025-08-11T02:11:22.000Z,90;124;140;126;124;98;131;102;132;106
HEART_RATE,1.0,2025-08-11T02:11:32.000Z,123;168;117;97;142;123;109;133;95;125
HEART_RATE,1.0,2025-08-11T02:11:42.000Z,126;117;126;97;124;128;140;104;115;95
HEART_RATE,1.0,2025-08-11T02:11:52.000Z,96;129;92;123;140;109;100;151;112;105
HEART_RATE,1.0,2025-08-11T02:12:02.000Z,125;59;107;100;113;162;83;106;103;93
HEART_RATE,1.0,2025-08-11T02:12:12.000Z,114;112;97;140;128;102;133;133;116;116
HEART_RATE,1.0,2025-08-11T02:12:22.000Z,100;106;123;72;126;162;111;96;95;106
HEART_RATE,1.0,2025-08-11T02:12:32.000Z,72;92;137;62;93;77;103;88;94;101
HEART_RATE,1.0,2025-08-11T02:12:42.000Z,129;118;86;64;131;108;122;142;128;132
HEART_RATE,1.0,2025-08-11T02:12:52.000Z,131;103;117;134;99;79;108;104;66;55
HEART_RATE,1.0,2025-08-11T02:13:02.000Z,140;93;132;111;125;111;185;81;114;95
HEART_RATE,1.0,2025-08-11T02:13:12.000Z,154;130;126;132;117;54;65;106;90;128
HEART_RATE,1.0,2025-08-11T02:13:22.000Z,91;111;112;110;107;127;85;129;106;126
HEART_RATE,1.0,2025-08-11T02:13:32.000Z,130;160;119;145;148;100;108;132;94;139
HEART_RATE,1.0,2025-08-11T02:13:42.000Z,156;102;97;111;148;109;114;91;95;158
HEART_RATE,1.0,2025-08-11T02:13:52.000Z,97;113;72;118;169;101;112;106;108;113
HEART_RATE,1.0,2025-08-11T02:14:02.000Z,64;154;117;128;89;90;85;110;134;102
HEART_RATE,1.0,2025-08-11T02:14:12.000Z,144;108;109;115;130;92;108;108;144;95
HEART_RATE,1.0,2025-08-11T02:14:22.000Z,128;88;141;146;104;102;119;85;157;107
HEART_RATE,1.0,2025-08-11T02:14:32.000Z,150;95;113;131;116;116;84;112;105;125
HEART_RATE,1.0,2025-08-11T02:14:42.000Z,154;59;178;112;112;107;58;127;153;111
HEART_RATE,1.0,2025-08-11T02:14:52.000Z,108;116;129;119;110;124;138;145;120;108
HEART_RATE,1.0,2025-08-11T02:15:02.000Z,76;133;163;130;107;135;117;136;118;82
HEART_RATE,1.0,2025-08-11T02:15:12.000Z,127;133;123;121;93;103;112;115;102;114
HEART_RATE,1.0,2025-08-11T02:15:22.000Z,119;122;161;95;75;96;111;100;177;74
HEART_RATE,1.0,2025-08-11T02:15:32.000Z,95;135;80;160;129;88;169;89;94;132
HEART_RATE,1.0,2025-08-11T02:15:42.000Z,92;101;133;121;139;81;158;142;155;104
HEART_RATE,1.0,2025-08-11T02:15:52.000Z,127;120;139;140;90;105;123;136;83;136
HEART_RATE,1.0,2025-08-11T02:16:02.000Z,109;128;118;49;96;111;103;97;108;107
HEART_RATE,1.0,2025-08-11T02:16:12.000Z,105;121;104;143;106;117;69;90;148;117
HEART_RATE,1.0,2025-08-11T02:16:22.000Z,145;133;72;86;132;101;87;99;100;71
HEART_RATE,1.0,2025-08-11T02:16:32.000Z,184;143;101;117;111;91;114;78;154;133
HEART_RATE,1.0,2025-08-11T02:16:42.000Z,140;126;134;96;52;129;177;148;154;136
HEART_RATE,1.0,2025-08-11T02:16:52.000Z,79;121;109;100;133;145;78;170;124;116
HEART_RATE,1.0,2025-08-11T02:17:02.000Z,144;135;94;132;107;150;128;134;99;118
HEART_RATE,1.0,2025-08-11T02:17:12.000Z,90;100;74;154;119;125;99;130;121;90
HEART_RATE,1.0,2025-08-11T02:17:22.000Z,128;145;123;114;158;129;121;117;126;134
HEART_RATE,1.0,2025-08-11T02:17:32.000Z,104;105;117;98;136;97;95;76;132;98
HEART_RATE,1.0,2025-08-11T02:17:42.000Z,70;61;148;91;124;99;141;113;75;97
HEART_RATE,1.0,2025-08-11T02:17:52.000Z,107;105;84;154;135;110;132;117;84;121
HEART_RATE,1.0,2025-08-11T02:18:02.000Z,82;114;110;149;103;117;110;138;73;104
HEART_RATE,1.0,2025-08-11T02:18:12.000Z,99;74;142;135;121;116;128;163;86;128
HEART_RATE,1.0,2025-08-11T02:18:22.000Z,116;135;133;153;95;89;123;156;111;116
HEART_RATE,1.0,2025-08-11T02:18:32.000Z,93;141;113;138;110;82;101;93;108;107
HEART_RATE,1.0,2025-08-11T02:18:42.000Z,85;142;128;138;111;80;128;77;133;126
HEART_RATE,1.0,2025-08-11T02:18:52.000Z,85;110;131;149;107;125;144;97;104;102
HEART_RATE,1.0,2025-08-11T02:19:02.000Z,177;116;156;83;169;92;103;73;166;99
HEART_RATE,1.0,2025-08-11T02:19:12.000Z,116;101;135;96;71;133;150;128;109;102
HEART_RATE,1.0,2025-08-11T02:19:22.000Z,97;127;95;127;143;100;104;141;73;100
HEART_RATE,1.0,2025-08-11T02:19:32.000Z,104;151;119;141;143;91;65;112;153;166
HEART_RATE,1.0,2025-08-11T02:19:42.000Z,100;80;61;73;96;146;115;103;177;112
HEART_RATE,1.0,2025-08-11T02:19:52.000Z,117;90;118;130;87;97;135;80;102;122
HEART_RATE,1.0,2025-08-11T02:20:02.000Z,127;111;111;124;133;143;142;109;110;98
HEART_RATE,1.0,2025-08-11T02:20:12.000Z,97;72;97;107;149;105;136;172;172;54
HEART_RATE,1.0,2025-08-11T02:20:22.000Z,110;122;93;111;54;95;126;107;82;138
HEART_RATE,1.0,2025-08-11T02:20:32.000Z,145;136;93;130;120;121;124;117;87;97
HEART_RATE,1.0,2025-08-11T02:20:42.000Z,106;84;62;119;97;173;121;122;99;140
HEART_RATE,1.0,2025-08-11T02:20:52.000Z,108;105;94;91;139;111;111;121;139;129
HEART_RATE,1.0,2025-08-11T02:21:02.000Z,85;124;128;128;153;125;101;131;124;95
HEART_RATE,1.0,2025-08-11T02:21:12.000Z,96;107;200;85;127;115;103;151;49;110
HEART_RATE,1.0,2025-08-11T02:21:22.000Z,140;75;83;92;119;77;136;156;77;107
HEART_RATE,1.0,2025-08-11T02:21:32.000Z,64;147;115;148;93;138;94;150;146;90
HEART_RATE,1.0,2025-08-11T02:21:42.000Z,132;97;107;97;119;87;91;109;170;79
HEART_RATE,1.0,2025-08-11T02:21:52.000Z,111;81;129;139;76;82;114;141;75;118
HEART_RATE,1.0,2025-08-11T02:22:02.000Z,107;73;124;99;132;72;149;140;117;115
HEART_RATE,1.0,2025-08-11T02:22:12.000Z,113;118;99;117;143;111;102;95;115;114
HEART_RATE,1.0,2025-08-11T02:22:22.000Z,101;95;135;110;113;98;143;95;117;110
HEART_RATE,1.0,2025-08-11T02:22:32.000Z,127;72;117;123;155;104;109;82;120;49
HEART_RATE,1.0,2025-08-11T02:22:42.000Z,86;94;107;158;110;88;85;90;152;86
HEART_RATE,1.0,2025-08-11T02:22:52.000Z,86;121;104;108;152;159;103;112;101;105
HEART_RATE,1.0,2025-08-11T02:23:02.000Z,99;150;173;142;144;47;141;153;151;96
HEART_RATE,1.0,2025-08-11T02:23:12.000Z,91;66;121;110;148;92;107;121;128;124
HEART_RATE,1.0,2025-08-11T02:23:22.000Z,105;105;96;107;130;111;91;140;118;84
HEART_RATE,1.0,2025-08-11T02:23:32.000Z,146;173;113;105;79;112;134;175;115;104
HEART_RATE,1.0,2025-08-11T02:23:42.000Z,90;121;143;150;134;115;143;123;115;136
HEART_RATE,1.0,2025-08-11T02:23:52.000Z,85;98;111;142;122;192;126;130;106;117
HEART_RATE,1.0,2025-08-11T02:24:02.000Z,133;109;98;86;127;139;132;112;147;149
HEART_RATE,1.0,2025-08-11T02:24:12.000Z,140;81;112;75;114;102;145;123;110;110
HEART_RATE,1.0,2025-08-11T02:24:22.000Z,101;93;118;143;100;135;166;83;129;125
HEART_RATE,1.0,2025-08-11T02:24:32.000Z,88;115;149;106;92;137;91;141;127;122
HEART_RATE,1.0,2025-08-11T02:24:42.000Z,113;83;117;127;101;97;69;136;85;116
HEART_RATE,1.0,2025-08-11T02:24:52.000Z,144;89;109;101;183;103;102;97;195;145
HEART_RATE,1.0,2025-08-11T02:25:02.000Z,130;88;133;116;90;117;97;109;112;94
HEART_RATE,1.0,2025-08-11T02:25:12.000Z,120;96;157;128;91;164;91;124;84;160
HEART_RATE,1.0,2025-08-11T02:25:22.000Z,111;85;70;160;114;123;83;126;108;113
HEART_RATE,1.0,2025-08-11T02:25:32.000Z,102;109;70;129;101;81;169;141;118;89
HEART_RATE,1.0,2025-08-11T02:25:42.000Z,112;121;159;62;139;103;126;140;115;120
HEART_RATE,1.0,2025-08-11T02:25:52.000Z,149;150;108;115;86;85;101;134;153;100
HEART_RATE,1.0,2025-08-11T02:26:02.000Z,102;124;147;124;172;141;164;101;116;140
HEART_RATE,1.0,2025-08-11T02:26:12.000Z,113;89;111;116;163;106;135;106;103;99
HEART_RATE,1.0,2025-08-11T02:26:22.000Z,146;94;124;118;161;76;149;87;111;100
HEART_RATE,1.0,2025-08-11T02:26:32.000Z,90;142;132;161;144;116;122;138;97;113
HEART_RATE,1.0,2025-08-11T02:26:42.000Z,114;153;92;154;116;147;111;111;87;104
HEART_RATE,1.0,2025-08-11T02:26:52.000Z,100;54;140;105;126;119;64;113;135;112
HEART_RATE,1.0,2025-08-11T02:27:02.000Z,115;109;116;84;141;130;98;87;113;147
HEART_RATE,1.0,2025-08-11T02:27:12.000Z,127;98;166;123;132;172;148;104;88;132
HEART_RATE,1.0,2025-08-11T02:27:22.000Z,135;146;145;133;133;118;169;160;98;113
HEART_RATE,1.0,2025-08-11T02:27:32.000Z,49;81;104;130;96;98;60;133;145;114
HEART_RATE,1.0,2025-08-11T02:27:42.000Z,141;120;133;77;163;132;134;158;93;114
HEART_RATE,1.0,2025-08-11T02:27:52.000Z,142;136;157;134;100;103;116;68;79;96
HEART_RATE,1.0,2025-08-11T02:28:02.000Z,130;160;164;89;126;118;124;99;97;128
HEART_RATE,1.0,2025-08-11T02:28:12.000Z,149;117;88;142;133;108;124;86;99;146
HEART_RATE,1.0,2025-08-11T02:28:22.000Z,124;127;109;105;86;105;92;127;107;122
HEART_RATE,1.0,2025-08-11T02:28:32.000Z,107;138;114;144;128;142;88;128;110;98
HEART_RATE,1.0,2025-08-11T02:28:42.000Z,108;119;102;140;149;156;102;125;115;139
HEART_RATE,1.0,2025-08-11T02:28:52.000Z,145;138;120;141;145;112;69;83;74;95
HEART_RATE,1.0,2025-08-11T02:29:02.000Z,143;129;149;79;126;151;121;102;120;136
HEART_RATE,1.0,2025-08-11T02:29:12.000Z,72;104;107;134;149;93;132;110;40;127
HEART_RATE,1.0,2025-08-11T02:29:22.000Z,103;140;179;144;136;126;115;104;140;107
HEART_RATE,1.0,2025-08-11T02:29:32.000Z,128;110;135;142;92;90;99;151;118;153
HEART_RATE,1.0,2025-08-11T02:29:42.000Z,123;140;112;110;105;93;105;137;116;104
HEART_RATE,1.0,2025-08-11T02:29:52.000Z,134;99;121;107;163;118;182;148;142;99
HEART_RATE,1.0,2025-08-11T02:30:02.000Z,140;109;103;80;155;130;130;122;144;120
HEART_RATE,1.0,2025-08-11T02:30:12.000Z,127;111;115;72;101;117;77;88;116;99
HEART_RATE,1.0,2025-08-11T02:30:22.000Z,115;111;50;128;112;151;98;123;171;117
HEART_RATE,1.0,2025-08-11T02:30:32.000Z,59;153;99;106;181;135;143;125;40;125
HEART_RATE,1.0,2025-08-11T02:30:42.000Z,123;140;91;128;119;154;110;155;109;104
HEART_RATE,1.0,2025-08-11T02:30:52.000Z,122;89;129;76;127;113;131;89;116;122
HEART_RATE,1.0,2025-08-11T02:31:02.000Z,97;95;149;77;98;136;81;114;144;140
HEART_RATE,1.0,2025-08-11T02:31:12.000Z,112;165;139;111;75;114;122;129;165;161
HEART_RATE,1.0,2025-08-11T02:31:22.000Z,126;107;112;143;91;95;133;109;84;122
HEART_RATE,1.0,2025-08-11T02:31:32.000Z,118;134;89;116;119;138;111;128;123;117
HEART_RATE,1.0,2025-08-11T02:31:42.000Z,111;121;90;138;142;115;135;94;126;148
HEART_RATE,1.0,2025-08-11T02:31:52.000Z,133;113;140;134;105;116;116;108;96;130
HEART_RATE,1.0,2025-08-11T02:32:02.000Z,117;105;89;120;109;78;123;157;136;123
HEART_RATE,1.0,2025-08-11T02:32:12.000Z,149;115;120;156;90;112;145;121;126;101
HEART_RATE,1.0,2025-08-11T02:32:22.000Z,99;145;111;150;91;151;110;135;161;91
HEART_RATE,1.0,2025-08-11T02:32:32.000Z,112;123;84;126;94;96;64;126;105;89
HEART_RATE,1.0,2025-08-11T02:32:42.000Z,116;86;112;105;100;137;192;103;112;87
HEART_RATE,1.0,2025-08-11T02:32:52.000Z,81;176;129;135;97;90;98;104;69;135
HEART_RATE,1.0,2025-08-11T02:33:02.000Z,110;150;116;111;96;141;109;109;181;105
HEART_RATE,1.0,2025-08-11T02:33:12.000Z,172;129;125;88;151;75;86;129;130;98
HEART_RATE,1.0,2025-08-11T02:33:22.000Z,144;76;133;84;183;157;110;99;107;126
HEART_RATE,1.0,2025-08-11T02:33:32.000Z,143;122;109;112;144;162;74;117;112;89
HEART_RATE,1.0,2025-08-11T02:33:42.000Z,99;93;85;136;125;122;120;103;124;77
HEART_RATE,1.0,2025-08-11T02:33:52.000Z,119;139;109;151;102;129;157;129;110;138
HEART_RATE,1.0,2025-08-11T02:34:02.000Z,62;106;106;111;167;144;125;138;113;90
HEART_RATE,1.0,2025-08-11T02:34:12.000Z,148;154;118;123;144;108;154;157;107;127
HEART_RATE,1.0,2025-08-11T02:34:22.000Z,148;94;123;96;151;111;188;88;111;127
HEART_RATE,1.0,2025-08-11T02:34:32.000Z,139;52;126;130;110;132;81;151;151;105
HEART_RATE,1.0,2025-08-11T02:34:42.000Z,116;115;149;115;148;153;115;125;170;165
HEART_RATE,1.0,2025-08-11T02:34:52.000Z,130;169;132;117;129;109;69;54;84;117
HEART_RATE,1.0,2025-08-11T02:35:02.000Z,161;114;147;155;148;59;111;138;155;143
HEART_RATE,1.0,2025-08-11T02:35:12.000Z,120;93;104;103;151;109;135;158;95;156
HEART_RATE,1.0,2025-08-11T02:35:22.000Z,66;126;117;107;118;117;101;129;168;102
HEART_RATE,1.0,2025-08-11T02:35:32.000Z,94;116;64;103;64;127;142;137;64;146
HEART_RATE,1.0,2025-08-11T02:35:42.000Z,127;143;162;108;78;124;113;81;118;126
HEART_RATE,1.0,2025-08-11T02:35:52.000Z,92;114;148;95;118;167;126;140;121;106
HEART_RATE,1.0,2025-08-11T02:36:02.000Z,110;146;138;100;116;137;184;143;144;117
HEART_RATE,1.0,2025-08-11T02:36:12.000Z,98;111;163;125;142;94;116;145;132;159
HEART_RATE,1.0,2025-08-11T02:36:22.000Z,86;81;126;152;123;100;122;147;131;124
HEART_RATE,1.0,2025-08-11T02:36:32.000Z,119;133;122;107;118;144;165;104;105;92
HEART_RATE,1.0,2025-08-11T02:36:42.000Z,123;107;144;96;120;114;112;181;165;119
HEART_RATE,1.0,2025-08-11T02:36:52.000Z,138;108;95;112;57;134;134;115;142;123
HEART_RATE,1.0,2025-08-11T02:37:02.000Z,129;122;108;123;148;124;159;111;145;112
HEART_RATE,1.0,2025-08-11T02:37:12.000Z,134;165;109;166;100;178;101;189;160;113
HEART_RATE,1.0,2025-08-11T02:37:22.000Z,50;121;100;96;166;109;106;133;121;112
HEART_RATE,1.0,2025-08-11T02:37:32.000Z,112;135;143;111;200;72;138;111;114;110
HEART_RATE,1.0,2025-08-11T02:37:42.000Z,147;106;85;147;107;135;142;92;146;200
HEART_RATE,1.0,2025-08-11T02:37:52.000Z,113;106;180;97;113;116;105;169;105;139
HEART_RATE,1.0,2025-08-11T02:38:02.000Z,138;160;128;121;162;161;114;122;130;107
HEART_RATE,1.0,2025-08-11T02:38:12.000Z,92;92;109;141;112;135;97;162;87;128
HEART_RATE,1.0,2025-08-11T02:38:22.000Z,87;166;125;123;113;89;133;133;124;110
HEART_RATE,1.0,2025-08-11T02:38:32.000Z,108;121;132;113;116;65;82;125;146;132
HEART_RATE,1.0,2025-08-11T02:38:42.000Z,149;158;166;157;91;117;147;133;136;104
HEART_RATE,1.0,2025-08-11T02:38:52.000Z,116;141;164;106;129;111;128;121;140;145
HEART_RATE,1.0,2025-08-11T02:39:02.000Z,149;132;116;119;134;119;106;130;113;148
HEART_RATE,1.0,2025-08-11T02:39:12.000Z,181;125;55;149;115;109;168;129;146;140
HEART_RATE,1.0,2025-08-11T02:39:22.000Z,111;143;152;96;137;142;167;124;123;179
HEART_RATE,1.0,2025-08-11T02:39:32.000Z,156;145;106;117;142;139;125;124;103;138
HEART_RATE,1.0,2025-08-11T02:39:42.000Z,180;126;100;153;130;122;110;164;126;85
HEART_RATE,1.0,2025-08-11T02:39:52.000Z,178;109;190;139;90;96;131;103;127;99
HEART_RATE,1.0,2025-08-11T02:40:02.000Z,104;157;131;128;108;126;154;126;153;110
HEART_RATE,1.0,2025-08-11T02:40:12.000Z,149;114;79;85;167;96;120;95;102;130
HEART_RATE,1.0,2025-08-11T02:40:22.000Z,129;90;176;159;171;119;139;107;117;99
HEART_RATE,1.0,2025-08-11T02:40:32.000Z,152;101;143;142;121;134;84;163;149;87
HEART_RATE,1.0,2025-08-11T02:40:42.000Z,123;171;130;109;137;96;82;121;114;97
HEART_RATE,1.0,2025-08-11T02:40:52.000Z,127;122;163;135;112;132;128;137;104;112
HEART_RATE,1.0,2025-08-11T02:41:02.000Z,131;51;81;77;105;111;137;110;146;103
HEART_RATE,1.0,2025-08-11T02:41:12.000Z,104;128;126;103;120;88;136;138;92;118
HEART_RATE,1.0,2025-08-11T02:41:22.000Z,162;98;103;81;98;154;138;106;132;123
HEART_RATE,1.0,2025-08-11T02:41:32.000Z,179;111;128;200;133;128;138;150;117;62
HEART_RATE,1.0,2025-08-11T02:41:42.000Z,141;138;105;124;100;136;164;98;131;89
HEART_RATE,1.0,2025-08-11T02:41:52.000Z,158;116;124;128;153;157;116;99;123;123
HEART_RATE,1.0,2025-08-11T02:42:02.000Z,101;103;155;111;134;122;152;91;122;101
HEART_RATE,1.0,2025-08-11T02:42:12.000Z,168;155;41;138;91;166;106;137;176;158
HEART_RATE,1.0,2025-08-11T02:42:22.000Z,134;113;114;115;127;178;143;138;90;156
HEART_RATE,1.0,2025-08-11T02:42:32.000Z,96;135;102;140;117;141;127;141;161;104
HEART_RATE,1.0,2025-08-11T02:42:42.000Z,119;101;114;128;105;91;149;133;114;80
HEART_RATE,1.0,2025-08-11T02:42:52.000Z,97;131;140;142;111;141;146;68;191;113
HEART_RATE,1.0,2025-08-11T02:43:02.000Z,116;114;122;70;117;87;117;113;172;105
HEART_RATE,1.0,2025-08-11T02:43:12.000Z,133;94;96;145;107;123;158;148;157;111
HEART_RATE,1.0,2025-08-11T02:43:22.000Z,127;157;147;134;115;141;135;141;135;133
HEART_RATE,1.0,2025-08-11T02:43:32.000Z,95;183;114;131;110;131;180;151;138;137
HEART_RATE,1.0,2025-08-11T02:43:42.000Z,92;127;128;75;144;145;112;140;173;116
HEART_RATE,1.0,2025-08-11T02:43:52.000Z,74;160;158;120;123;131;144;156;118;145
HEART_RATE,1.0,2025-08-11T02:44:02.000Z,144;105;132;103;93;109;87;114;63;138
HEART_RATE,1.0,2025-08-11T02:44:12.000Z,129;160;149;127;98;86;120;151;148;129
HEART_RATE,1.0,2025-08-11T02:44:22.000Z,116;102;141;109;57;118;121;152;88;76
HEART_RATE,1.0,2025-08-11T02:44:32.000Z,144;155;200;80;129;133;128;75;131;89
HEART_RATE,1.0,2025-08-11T02:44:42.000Z,134;116;149;118;139;129;121;103;121;124
HEART_RATE,1.0,2025-08-11T02:44:52.000Z,63;74;88;83;80;67;90;88;82;78
HEART_RATE,1.0,2025-08-11T02:45:02.000Z,90;88;88;53;84;70;83;94;79;69
HEART_RATE,1.0,2025-08-11T02:45:12.000Z,95;90;88;82;80;89;92;75;81;75
HEART_RATE,1.0,2025-08-11T02:45:22.000Z,59;74;71;77;78;72;74;77;87;91
HEART_RATE,1.0,2025-08-11T02:45:32.000Z,72;88;87;80;71;81;80;79;65;87
HEART_RATE,1.0,2025-08-11T02:45:42.000Z,95;86;87;88;92;75;85;69;82;72
HEART_RATE,1.0,2025-08-11T02:45:52.000Z,96;92;79;89;82;84;75;91;72;79
HEART_RATE,1.0,2025-08-11T02:46:02.000Z,83;94;86;78;86;91;76;80;77;91
HEART_RATE,1.0,2025-08-11T02:46:12.000Z,75;76;73;102;78;91;65;79;91;80
HEART_RATE,1.0,2025-08-11T02:46:22.000Z,89;97;81;93;85;87;70;102;82;92
HEART_RATE,1.0,2025-08-11T02:46:32.000Z,75;86;96;81;80;77;72;107;82;87
HEART_RATE,1.0,2025-08-11T02:46:42.000Z,79;77;99;93;96;84;90;99;86;81
HEART_RATE,1.0,2025-08-11T02:46:52.000Z,73;91;95;79;94;82;65;87;87;86
HEART_RATE,1.0,2025-08-11T02:47:02.000Z,96;80;86;82;91;69;84;101;75;80
HEART_RATE,1.0,2025-08-11T02:47:12.000Z,102;90;81;81;72;97;92;81;93;72
HEART_RATE,1.0,2025-08-11T02:47:22.000Z,77;74;106;108;76;99;91;87;102;82
HEART_RATE,1.0,2025-08-11T02:47:32.000Z,91;108;99;85;70;96;112;70;77;84
HEART_RATE,1.0,2025-08-11T02:47:42.000Z,104;101;89;95;107;75;101;85;89;78
HEART_RATE,1.0,2025-08-11T02:47:52.000Z,89;106;103;75;79;99;109;82;88;84
HEART_RATE,1.0,2025-08-11T02:48:02.000Z,82;79;87;93;76;87;82;99;106;98
HEART_RATE,1.0,2025-08-11T02:48:12.000Z,119;80;89;103;88;110;115;80;77;81
HEART_RATE,1.0,2025-08-11T02:48:22.000Z,96;74;94;104;104;80;87;89;100;72
HEART_RATE,1.0,2025-08-11T02:48:32.000Z,104;100;93;83;93;92;99;86;118;99
HEART_RATE,1.0,2025-08-11T02:48:42.000Z,102;99;102;91;99;98;88;108;92;94
HEART_RATE,1.0,2025-08-11T02:48:52.000Z,99;93;89;105;91;100;91;85;86;93
HEART_RATE,1.0,2025-08-11T02:49:02.000Z,84;108;72;107;67;86;91;98;90;83
HEART_RATE,1.0,2025-08-11T02:49:12.000Z,49;89;89;87;88;104;118;85;104;80
HEART_RATE,1.0,2025-08-11T02:49:22.000Z,87;87;88;95;104;95;78;110;79;98
HEART_RATE,1.0,2025-08-11T02:49:32.000Z,95;95;77;95;79;106;96;101;99;89
HEART_RATE,1.0,2025-08-11T02:49:42.000Z,104;94;92;88;91;91;91;107;96;76
HEART_RATE,1.0,2025-08-11T02:49:52.000Z,99;97;96;92;101;96;82;96;89;73
HEART_RATE,1.0,2025-08-11T02:50:02.000Z,91;109;93;115;78;99;85;97;94;113
HEART_RATE,1.0,2025-08-11T02:50:12.000Z,98;100;107;90;114;91;83;115;92;92
HEART_RATE,1.0,2025-08-11T02:50:22.000Z,97;81;83;122;117;96;96;75;80;93
HEART_RATE,1.0,2025-08-11T02:50:32.000Z,96;114;108;104;88;91;115;86;94;94
HEART_RATE,1.0,2025-08-11T02:50:42.000Z,87;106;90;99;85;86;108;70;88;111
HEART_RATE,1.0,2025-08-11T02:50:52.000Z,85;115;102;85;80;90;94;114;120;121
HEART_RATE,1.0,2025-08-11T02:51:02.000Z,87;99;98;98;99;94;92;96;101;117
HEART_RATE,1.0,2025-08-11T02:51:12.000Z,117;100;97;80;79;92;83;89;97;96
HEART_RATE,1.0,2025-08-11T02:51:22.000Z,100;103;122;95;81;116;108;99;122;103
HEART_RATE,1.0,2025-08-11T02:51:32.000Z,75;96;93;76;134;84;83;105;91;96
HEART_RATE,1.0,2025-08-11T02:51:42.000Z,114;106;107;98;96;109;107;99;84;128
HEART_RATE,1.0,2025-08-11T02:51:52.000Z,108;97;124;105;96;71;95;85;118;121
HEART_RATE,1.0,2025-08-11T02:52:02.000Z,96;104;94;121;91;113;109;110;116;120
HEART_RATE,1.0,2025-08-11T02:52:12.000Z,90;98;90;100;98;96;100;83;106;99
HEART_RATE,1.0,2025-08-11T02:52:22.000Z,101;107;80;91;130;105;99;100;118;98
HEART_RATE,1.0,2025-08-11T02:52:32.000Z,108;81;111;80;92;126;112;101;113;113
HEART_RATE,1.0,2025-08-11T02:52:42.000Z,97;105;106;121;109;91;106;111;108;108
HEART_RATE,1.0,2025-08-11T02:52:52.000Z,78;103;106;79;92;110;93;91;108;90
HEART_RATE,1.0,2025-08-11T02:53:02.000Z,110;94;108;127;92;110;99;93;76;103
HEART_RATE,1.0,2025-08-11T02:53:12.000Z,91;102;76;82;114;82;112;102;109;121
HEART_RATE,1.0,2025-08-11T02:53:22.000Z,115;114;75;101;140;83;112;110;68;111
HEART_RATE,1.0,2025-08-11T02:53:32.000Z,100;106;101;109;81;87;112;97;106;123
HEART_RATE,1.0,2025-08-11T02:53:42.000Z,104;113;111;103;108;110;121;104;95;91
HEART_RATE,1.0,2025-08-11T02:53:52.000Z,112;129;97;97;86;102;103;122;95;115
HEART_RATE,1.0,2025-08-11T02:54:02.000Z,108;86;110;86;123;101;101;104;136;99
HEART_RATE,1.0,2025-08-11T02:54:12.000Z,125;101;104;108;87;118;119;106;81;102
HEART_RATE,1.0,2025-08-11T02:54:22.000Z,83;75;104;113;107;110;100;86;106;90
HEART_RATE,1.0,2025-08-11T02:54:32.000Z,89;119;98;113;108;99;124;111;88;118
HEART_RATE,1.0,2025-08-11T02:54:42.000Z,109;103;99;103;119;100;106;108;100;102
HEART_RATE,1.0,2025-08-11T02:54:52.000Z,109;109;103;102;113;104;122;98;106;112
HEART_RATE,1.0,2025-08-11T02:55:02.000Z,92;105;92;87;104;107;126;104;128;116
HEART_RATE,1.0,2025-08-11T02:55:12.000Z,111;129;95;104;133;127;116;111;101;101
HEART_RATE,1.0,2025-08-11T02:55:22.000Z,104;122;103;101;121;135;115;121;84;106
HEART_RATE,1.0,2025-08-11T02:55:32.000Z,117;91;109;117;105;123;121;109;125;114
HEART_RATE,1.0,2025-08-11T02:55:42.000Z,117;101;117;105;77;119;101;121;104;97
HEART_RATE,1.0,2025-08-11T02:55:52.000Z,95;104;107;104;114;127;95;85;104;104
HEART_RATE,1.0,2025-08-11T02:56:02.000Z,91;96;92;113;124;128;111;78;91;117
HEART_RATE,1.0,2025-08-11T02:56:12.000Z,92;102;84;92;105;100;118;100;109;108
HEART_RATE,1.0,2025-08-11T02:56:22.000Z,92;110;113;101;125;122;117;110;106;94
HEART_RATE,1.0,2025-08-11T02:56:32.000Z,96;119;105;103;115;114;108;92;104;109
HEART_RATE,1.0,2025-08-11T02:56:42.000Z,99;113;107;99;94;98;97;93;108;100
HEART_RATE,1.0,2025-08-11T02:56:52.000Z,93;110;96;121;96;98;125;103;89;110
HEART_RATE,1.0,2025-08-11T02:57:02.000Z,90;108;116;126;112;117;105;108;116;88
HEART_RATE,1.0,2025-08-11T02:57:12.000Z,83;124;105;112;99;129;124;106;94;132
HEART_RATE,1.0,2025-08-11T02:57:22.000Z,105;106;124;119;109;102;112;123;70;122
HEART_RATE,1.0,2025-08-11T02:57:32.000Z,124;116;103;102;79;89;108;130;93;119
HEART_RATE,1.0,2025-08-11T02:57:42.000Z,117;125;113;127;104;121;115;122;102;113
HEART_RATE,1.0,2025-08-11T02:57:52.000Z,123;126;129;105;113;114;103;100;123;110
HEART_RATE,1.0,2025-08-11T02:58:02.000Z,106;114;82;96;113;117;100;117;114;95
HEART_RATE,1.0,2025-08-11T02:58:12.000Z,103;105;108;125;114;116;92;117;105;106
HEART_RATE,1.0,2025-08-11T02:58:22.000Z,109;114;122;116;118;101;104;100;115;96
HEART_RATE,1.0,2025-08-11T02:58:32.000Z,134;104;103;119;113;110;100;116;124;143
HEART_RATE,1.0,2025-08-11T02:58:42.000Z,121;118;106;84;96;106;134;139;92;117
HEART_RATE,1.0,2025-08-11T02:58:52.000Z,106;100;117;130;124;150;112;126;133;133
HEART_RATE,1.0,2025-08-11T02:59:02.000Z,100;111;106;102;111;95;101;113;129;117
HEART_RATE,1.0,2025-08-11T02:59:12.000Z,110;108;99;99;123;134;121;124;123;138
HEART_RATE,1.0,2025-08-11T02:59:22.000Z,90;100;108;113;106;124;143;115;122;140
HEART_RATE,1.0,2025-08-11T02:59:32.000Z,112;91;93;94;115;136;116;107;133;100
HEART_RATE,1.0,2025-08-11T02:59:42.000Z,91;104;128;103;125;125;103;103;139;134
HEART_RATE,1.0,2025-08-11T02:59:52.000Z,107;130;127;123;99;137;108;83;112;98
HEART_RATE,1.0,2025-08-11T03:00:02.000Z,112;101;88;122;130;114;94;140;111;104
HEART_RATE,1.0,2025-08-11T03:00:12.000Z,119;88;121;91;117;115;90;102;112;84
HEART_RATE,1.0,2025-08-11T03:00:22.000Z,116;122;83;113;112;109;135;110;105;117
HEART_RATE,1.0,2025-08-11T03:00:32.000Z,112;115;116;143;105;141;119;116;90;115
HEART_RATE,1.0,2025-08-11T03:00:42.000Z,116;109;134;99;126;98;93;106;102;108
HEART_RATE,1.0,2025-08-11T03:00:52.000Z,138;109;100;101;108;105;117;84;124;92
HEART_RATE,1.0,2025-08-11T03:01:02.000Z,72;126;129;122;116;108;108;143;115;102
HEART_RATE,1.0,2025-08-11T03:01:12.000Z,118;113;99;112;85;122;107;100;91;117
HEART_RATE,1.0,2025-08-11T03:01:22.000Z,127;77;108;129;129;116;121;115;148;121
HEART_RATE,1.0,2025-08-11T03:01:32.000Z,90;104;91;154;140;125;119;135;116;119
HEART_RATE,1.0,2025-08-11T03:01:42.000Z,115;110;123;126;133;120;93;118;108;118
HEART_RATE,1.0,2025-08-11T03:01:52.000Z,105;102;113;100;118;105;127;102;105;119
HEART_RATE,1.0,2025-08-11T03:02:02.000Z,122;95;109;83;122;107;117;126;125;120
HEART_RATE,1.0,2025-08-11T03:02:12.000Z,109;89;130;132;131;111;87;121;107;125
HEART_RATE,1.0,2025-08-11T03:02:22.000Z,126;109;139;138;140;139;108;91;125;121
HEART_RATE,1.0,2025-08-11T03:02:32.000Z,120;139;147;136;125;89;116;83;142;97
HEART_RATE,1.0,2025-08-11T03:02:42.000Z,119;105;120;120;101;109;88;138;128;126
HEART_RATE,1.0,2025-08-11T03:02:52.000Z,123;99;133;118;104;116;135;104;104;103
HEART_RATE,1.0,2025-08-11T03:03:02.000Z,96;119;95;114;100;130;95;118;85;126
HEART_RATE,1.0,2025-08-11T03:03:12.000Z,116;136;115;107;118;79;123;95;138;105
HEART_RATE,1.0,2025-08-11T03:03:22.000Z,122;85;99;138;136;111;108;111;136;112
HEART_RATE,1.0,2025-08-11T03:03:32.000Z,120;137;120;131;121;146;99;116;110;136
HEART_RATE,1.0,2025-08-11T03:03:42.000Z,137;137;138;126;123;140;108;116;122;118
HEART_RATE,1.0,2025-08-11T03:03:52.000Z,118;130;116;114;135;110;121;132;123;129
HEART_RATE,1.0,2025-08-11T03:04:02.000Z,113;103;112;116;113;144;121;89;135;114
HEART_RATE,1.0,2025-08-11T03:04:12.000Z,152;133;98;112;108;98;121;111;120;113
HEART_RATE,1.0,2025-08-11T03:04:22.000Z,113;89;120;115;122;123;116;139;94;122
HEART_RATE,1.0,2025-08-11T03:04:32.000Z,122;117;98;117;111;114;130;116;103;153
HEART_RATE,1.0,2025-08-11T03:04:42.000Z,110;139;134;129;119;114;162;109;112;101
HEART_RATE,1.0,2025-08-11T03:04:52.000Z,116;110;126;110;114;86;108;123;102;89
HEART_RATE,1.0,2025-08-11T03:05:02.000Z,105;134;126;127;113;120;100;115;137;115
HEART_RATE,1.0,2025-08-11T03:05:12.000Z,120;122;114;111;109;105;133;101;128;122
HEART_RATE,1.0,2025-08-11T03:05:22.000Z,144;111;104;121;118;138;108;133;123;114
HEART_RATE,1.0,2025-08-11T03:05:32.000Z,122;120;134;123;112;133;133;85;133;101
HEART_RATE,1.0,2025-08-11T03:05:42.000Z,114;118;101;144;121;124;130;122;132;154
HEART_RATE,1.0,2025-08-11T03:05:52.000Z,145;118;103;113;121;106;109;105;96;130
HEART_RATE,1.0,2025-08-11T03:06:02.000Z,131;98;101;139;108;133;114;107;101;123
HEART_RATE,1.0,2025-08-11T03:06:12.000Z,127;124;112;126;111;114;111;130;116;141
HEART_RATE,1.0,2025-08-11T03:06:22.000Z,105;104;136;131;132;109;119;108;109;116
HEART_RATE,1.0,2025-08-11T03:06:32.000Z,126;91;94;100;128;108;108;121;105;132
HEART_RATE,1.0,2025-08-11T03:06:42.000Z,121;87;132;110;140;122;106;99;129;129
HEART_RATE,1.0,2025-08-11T03:06:52.000Z,102;133;119;142;123;124;103;128;98;92
HEART_RATE,1.0,2025-08-11T03:07:02.000Z,117;113;112;104;136;130;119;104;131;136
HEART_RATE,1.0,2025-08-11T03:07:12.000Z,123;145;104;119;110;125;113;109;139;105
HEART_RATE,1.0,2025-08-11T03:07:22.000Z,103;107;137;137;100;111;129;108;120;135
HEART_RATE,1.0,2025-08-11T03:07:32.000Z,102;128;123;118;119;96;127;102;120;123
HEART_RATE,1.0,2025-08-11T03:07:42.000Z,112;121;153;139;113;119;121;118;109;124
HEART_RATE,1.0,2025-08-11T03:07:52.000Z,118;107;120;129;103;128;94;113;111;117
HEART_RATE,1.0,2025-08-11T03:08:02.000Z,113;125;122;122;134;102;94;112;137;142
HEART_RATE,1.0,2025-08-11T03:08:12.000Z,131;118;105;117;116;116;131;101;119;94
HEART_RATE,1.0,2025-08-11T03:08:22.000Z,100;104;120;132;102;93;121;96;131;104
HEART_RATE,1.0,2025-08-11T03:08:32.000Z,111;115;135;103;151;127;100;122;98;137
HEART_RATE,1.0,2025-08-11T03:08:42.000Z,96;99;136;129;112;130;112;110;134;104
